Key,Type,Desc,English,French,Italian,German,Spanish,Japanese,Korean,Polish,Russian,Chinese-Simplified [zh-CN],Portuguese-Brazil [pt-BR],Chinese-Traditional [zh-TW],$Context,$Status
Science/TechNodes/Descriptions/tNode_0v_aero,Text,,Smaller engines for smaller aircraft. Now you can make your own personal jet!,Des propulseurs plus petits pour des appareils plus petits. À vous votre jet perso !,Motori piccoli per velivoli piccoli. Ora puoi costruire il tuo jet personale!,Kleinere Triebwerke für kleinere Flugzeuge. Jetzt kannst du deinen persönlichen Jet erstellen!,Motores pequeños para aeronaves pequeñas. ¡Ahora puedes fabricarte tu propio reactor!,小型航空機向けの小型エンジン。これで自分だけのジェット機が作れます！,소형 항공기를 위한 소형 엔진. 이제 나만의 개인 제트기를 만들 수 있습니다!,Mniejsze silniki dla mniejszych statków powietrznych. Teraz możesz zbudować sobie własny samolot!,Небольшие двигатели для небольших аппаратов. Теперь вы сможете построить свой личный реактивный самолет!,小引擎配小飞行器。现在你能建造属于自己的私人喷气式飞机了！,Motores pequenos para aeronaves pequenas. Agora você pode ter o seu próprio jato!,用於小型航空器的小型引擎。現在你可以打造自己的私人噴射機了！,Tech Node Description,Ready to Test
Science/TechNodes/Descriptions/tNode_0v_electronics,Text,,"Electronic probes and satellites are vitally important for exploring the vastness of space. Advanced computer-controlled craft can safely explore unknown regions and report their findings before we send our Kerbonauts, saving us time, effort, and snacks.",Des robots dans l'espace ? Je vois pas ce qui pourrait mal se passer !,Robot nello spazio? Cosa potrà mai andare storto?,Roboter im Weltraum? Was soll da schon schiefgehen?,¿Robots en el espacio? ¿Qué podría salir mal?,宇宙にロボット？ それで何が失敗するって言うんだ？,우주에 로봇이 있다구요? 잘못될 게 뭐 있나요?,Roboty w kosmosie? Co może pójść nie tak?,Роботы в космосе? Что может пойти не так?,太空中的机器人？怎么可能会出错呢？,Robôs no espaço? O que poderia dar errado?,太空中的機器人？可能會出什麼差錯呢？,Tech Node Description,Ready to Test
Science/TechNodes/Descriptions/tNode_0v_fuelLines,Text,,"Fuel lines are designed to allow extremely volatile rocket propellant to flow safely between tanks in a number of useful ways. Don’t be fooled into thinking this is just a hose. Well, OK, it is just a hose, but it's the most high-tech hose you will ever see.",Qui aurait pu prévoir qu'un seul minuscule tuyau pourrait faire tant de choses ?,Chi l'avrebbe detto che una piccola manichetta potesse fare tutto questo?,"Wer hätte gedacht, dass ein kleiner Schlauch so viel bewirken kann?",¿Quién iba a pensar que una manguerita podía hacer tanto?,小さなホース1本でこんなにたくさんのことができるなんて、誰が思っただろう？,작은 호스 하나가 이렇게나 많은 일을 할거라 누가 생각이나 했을까요?,"Kto by pomyślał, że jedna mała rurka tyle znaczy?","Кто бы мог подумать, что один маленький шланг может столько сделать?!",谁能想到不起眼的管道会这么有用呢？,Quem imaginaria que uma pequena mangueira poderia fazer tanta coisa?,誰能想到一根小小的管子有這麼多用途？,Tech Node Description,Ready to Test
Science/TechNodes/Descriptions/tNode_0v_rcs,Text,,Reaction control systems are very small thrusters designed for stability and control in space. Placing these small thrusters around our vehicles will make maneuvering much more precise and help even the most inexperienced pilot fly like a pro.,Qui aime les commandes directionnelles précises ? Vous !,Chi adora dei bei comandi direzionali? Tu!,Wer liebt exakte Richtungssteuerung? Du!,¿Quién adora un buen control de dirección? ¡Tú!,細かい方向制御が大好きなのは誰？ あなたでしょ！,미세하게 조종하는 것을 좋아하는 사람이 누구입니까? 그게 너야~,Kto uwielbia dokładne stery kierunkowe? Ty!,Кто любит точное управление? Вы!,谁喜欢精准的方向控制？就是你啦！,Quem ama controle direcional refinado? Você!,誰喜歡精確的方向控制？你喜歡！,Tech Node Description,Relocalize
Science/TechNodes/Descriptions/tNode_0v_rockets_01,Text,,"As we build smaller satellites and exploration probes, we will need the technology to construct very small, efficient engines to propel them. Despite conventual wisdom, there are times when smaller is much better.",Des propulseurs minus pour un vaisseau minus.,Motori minuscoli per veicoli minuscoli.,Winzige Triebwerke für winzige Raumfahrzeuge.,Motores diminutos para naves espaciales diminutas.,超小型宇宙船のための超小型エンジン。,작은 우주선을 위한 초소형 엔진입니다.,Maleńkie silniki dla maleńkich statków kosmicznych.,Крошечные двигатели для крошечных кораблей.,小型航天器专用的袖珍引擎。,Motores minúsculos para espaçonaves minúsculas.,微型太空船的微型引擎。,Tech Node Description,Ready to Test
Science/TechNodes/Descriptions/tNode_0v_rockets_02,Text,,Small engines with a big purpose.,De petits propulseurs avec de grandes ambitions.,Da piccoli motori derivano grandi responsabilità.,Kleine Triebwerke mit großer Aufgabe.,Motores pequeños con grandes propósitos.,大きな目的を持った小さなエンジン。,큰 목적을 가진 소형 엔진입니다.,Małe silniki do wielkich celów.,Маленькие двигатели для больших целей.,小引擎，大目标。,Pequenos motores com grandes propósitos.,有大用途的小引擎。,Tech Node Description,Ready to Test
Science/TechNodes/Descriptions/tNode_0v_science_01,Text,,"Studying methods of miniaturizing and compacting our science equipment into smaller, more efficient parts will greatly expand the ways we can utilize them, as well as reducing mass that can be used for other cargo, such as snacks. Science and snacks, what a great combination.",Pour mieux comprendre le monde qui vous entoure.,Per capire meglio il mondo intorno a te.,"Hilft, die Welt um dich herum zu verstehen.",Para ayudarte a entender el mundo que te rodea.,周りの世界を理解するのに役立ちます。,여러분 주변의 세계를 이해하는 데 도움이 됩니다.,"Pomoże zrozumieć świat, który cię otacza.",Они помогают вам понять окружающий мир.,有助于了解周围的世界。,Ajudando a compreender o mundo ao seu redor.,協助你了解周遭的世界。,Tech Node Description,Relocalize
Science/TechNodes/Descriptions/tNode_0v_science_02,Text,,Making sure objects are supposed to glow like that.,Pour vérifier que les objets sont bien censés briller comme ça.,Assicurati che quel bagliore sia normale.,"Stellt sicher, dass Objekte so leuchten sollen.",Para que los objetos brillen como tienen que brillar.,いろいろな物体が必ずあんな風に光るようにします。,물체가 그렇게 빛나는 것이 가능한지 확인합니다.,"Sprawdzanie, czy obiekty powinny tak świecić.","Они следят за тем, чтобы светились только те объекты, которые должны светиться.",保证物体能像那样发光。,Garantindo que os objetos brilhem desse jeito.,確保物體應該如此發光。,Tech Node Description,Ready to Test
Science/TechNodes/Descriptions/tNode_0v_struts,Text,,Do not be deceived by the apparent small size of this technology. Strut connectors can be used in countless ways to strengthen a vehicle and are especially useful for holding together very large craft. Our simulations show that this will be an essential tool for any experienced rocket designer.,Il ne faut pas confondre vérin et verre de vin.,Puntoni su cui puntare.,"Zeit, deine Streben zu verwirklichen.",Hora de presumir de riostras.,自分の力をストラットみたいに誇示するときです。,이제 여러분의 물건을 고정할 시간입니다.,Czas zrozporować co nieco.,Пора выставить свое добро напоказ.,该让你的东西支棱起来了。,Hora de estruturar as suas coisas.,是時候展示你的實力了。,Tech Node Description,Relocalize
Science/TechNodes/Descriptions/tNode_0v_trusses,Text,,It’s surprising how many ways you can use a little square truss.,C'est incroyable tout ce qu'on peut faire avec une structure de maintien carrée.,È incredibile quanti utilizzi ha una piccola travatura quadrata.,"Erstaunlich, wie vielseitig sich eine viereckige Traverse einsetzen lässt.",Resulta sorprendente la cantidad de maneras distintas de utilizar un pequeño armazón cuadrangular.,小さな角型トラスの使い方は驚くほどたくさんあります。,작은 사각 트러스를 얼마나 다양한 방법으로 사용할 수 있는지 알면 놀랄 거예요.,"To zaskakujące, ile zastosowań ma taka kratownica kwadratowa.","Просто удивительно, какой полезной может быть маленькая квадратная ферма.",小小方形桁架的用处之多让你超乎想象。,É surpreendente de quantas maneiras você pode usar uma treliça quadrada pequena.,令人驚訝的是，一個小小的方形桁架竟然有這麼多的用途。,Tech Node Description,Ready to Test
Science/TechNodes/Descriptions/tNode_0v_utility,Text,,"Landing legs on a spacecraft, what a marvelous idea!","Un train d'atterrissage sur un vaisseau, en voilà une idée géniale !",Carrelli di atterraggio su un veicolo spaziale: un'idea magnifica!,"Landebeine an einem Raumfahrzeug, was für eine tolle Idee!",¡Qué idea tan maravillosa la de poner patas de aterrizaje a una nave!,宇宙船に着陸脚、なんて素晴らしいアイディアだ！,우주선의 랜딩레그는 정말이지 놀라운 아이디어입니다!,"Nogi dla statku kosmicznego, cóż za wspaniały pomysł!",Посадочные опоры для корабля! Гениально!,航天器的着陆支架，真是奇思妙想！,"Pernas de aterrissagem em uma espaçonave, que ideia sublime!",太空船上的著陸架，真是個了不起的主意！,Tech Node Description,Ready to Test
Science/TechNodes/Descriptions/tNode_1v_aero_01,Text,,"Reaction wheels use small gyroscopes to help provide stability without the use of thrusters. It would take too long to explain how something spinning at high speed can hold a ship perfectly still, but trust us, these things really work wonders!  ",Neuf pilotes sur dix aiment pouvoir contrôler leur vaisseau.,Nove piloti su dieci preferiscono avere controllo del proprio veicolo.,"Neun von zehn Piloten mögen es, wenn sie ihr Fahrzeug steuern können.",A nueve de cada diez pilotos les gusta controlar su nave.,パイロットの10人に9人は自分の機体の操縦が好きなものです。,조종사의 열 중 아홉은 조종을 좋아합니다.,"Dziewięciu na dziesięciu pilotów lubi, gdy statkiem można sterować.",Девять из десяти пилотов любят управлять своим кораблем.,飞行员十之八九都喜欢将机体掌控在自己的手中。,Nove a cada dez pilotos gostam de ter o controle da nave.,九成飛行員喜歡操控他們的飛行器。,Tech Node Description,Ready to Test
Science/TechNodes/Descriptions/tNode_1v_aero_02,Text,,Flying sideways is fun!,C'est toujours drôle de voler sur le côté !,Volare di lato è divertente!,"Seitlich zu fliegen, macht Spaß!",¡Volar de lado es la bomba!,横に飛ぶって楽しいね！,옆으로 나는 건 재밌어요!,Latanie w bok jest super!,Летать боком — это весело!,侧着飞很有趣！,Voar de lado é divertido!,側向飛行真有趣！,Tech Node Description,Ready to Test
Science/TechNodes/Descriptions/tNode_1v_aero_03,Text,,Technology designed to make anyone look like a good pilot.,Une technologie conçue spécialement pour faire passer n'importe qui pour un pilote acceptable.,Tecnologia progettata per far sembrare chiunque un bravo pilota.,"Technologie, die jeden wie einen guten Piloten dastehen lässt.",Tecnología diseñada para que parezca que cualquiera es buen piloto.,誰でも素晴らしいパイロットに見えるようにしてくれる技術。,누구나 훌륭한 조종사처럼 보이도록 설계된 기술입니다.,"Technologia, której zadaniem jest sprawić, by każdy wyglądał na dobrego pilota.","Эта технология предназначена для того, чтобы каждый мог притвориться хорошим пилотом.",能让你看起来更有飞行员范儿的技术。,Tecnologia criada para fazer qualquer pessoa parecer que pilota bem.,這項技術專門設計來讓任何人看起來都像優秀的飛行員。,Tech Node Description,Ready to Test
Science/TechNodes/Descriptions/tNode_1v_construction_01,Text,,Stuff to build stuff.,Je construis des trucs et les gens voient que je construis des trucs.,Roba per costruire altra roba.,"Zeug, um Zeug zu bauen.",Cosas para construir cosas.,モノを作るためのモノ。,물건을 만드는 물건입니다.,Rzeczy do budowania rzeczy.,"Штуки, из которых делают другие штуки.",用来建造东西的东西。,Uns troços para você construir uns troços.,建造東西的材料。,Tech Node Description,Ready to Test
Science/TechNodes/Descriptions/tNode_1v_decouplers_01,Text,,"When you need to say goodbye, do it with explosions.",Au revoir ? Dites-le avec des explosions !,"Quando è arrivato il momento di dire addio, fallo con delle esplosioni.","Wenn man sich schon verabschieden muss, dann mit Explosionen.","Si tienes que despedirte, que sea haciendo saltar cosas por los aires.",さよならを言わなきゃいけないときは、爆発と一緒にどうぞ。,작별을 고할 때가 온다면 폭발로 작별 인사를 해보세요.,"Gdy musisz się z czymś pożegnać, niech to będzie wybuchowe pożegnanie.","Если нужно попрощаться, пусть прощание пройдет под грохот взрывов.",当你需要说再见时，用爆炸来告别。,"Quando você precisa dizer adeus, diga com explosões.",需要告別時，就用爆炸來告別。,Tech Node Description,Ready to Test
Science/TechNodes/Descriptions/tNode_1v_docking_01,Text,,"Connecting two ships together, or docking, is a cornerstone technology, and essential to our space program. Having the ability to dock two or more ships opens up all kinds of possibilities to transfer crew, fuel, and especially snacks, between ships.","Faire s'amarrer deux vaisseaux dans l'espace ? Mais oui, ça va bien se passer.",Collegare due veicoli nello spazio: cosa potrà mai andare storto?,"Zwei Raumfahrzeuge im Weltraum verbinden, was sollte da schon schiefgehen?",¿Conectar dos naves en el espacio? ¿Qué podría salir mal?,宇宙で2つの宇宙船をつなぐ。失敗なんてあり得ないでしょ？,"우주공간에서 두 개의 기체를 연결할 때, 뭐가 걱정인가요?",Łączenie dwóch statków w kosmosie? Co może pójść nie tak?,Стыковка двух аппаратов в космосе? Что может пойти не так?,连接太空中的两艘航天器，能出什么岔子呢？,"Conectar duas naves no espaço, tem como não dar certo?",在太空中連接兩艘載具，可能會出什麼狀況？,Tech Node Description,Ready to Test
Science/TechNodes/Descriptions/tNode_1v_electronics_01,Text,,"When it comes to electrical efficiency, nothing beats a well-designed solar panel. These ingenious devices convert sunlight into electricity that can be used to run equipment and also recharge a craft’s batteries. Admit it, we all hate it when the lights go out.",Des pièces pour garder la lumière allumée la nuit.,Parti per non restare a secco.,"Teile, die helfen, dass nachts das Licht nicht ausgeht.",Piezas que sirven para mantener las luces encendidas por la noche.,夜間に明かりをつけておくためのパーツ。,밤에 불을 밝히는 데 도움이 될 부품입니다.,Części zapewniające oświecenie.,"Детали, благодаря которым ночью не погаснет свет.",用来维持夜间照明的部件。,Peças para ajudar a manter as luzes acessas à noite.,保持夜間照明的零件。,Tech Node Description,Ready to Test
Science/TechNodes/Descriptions/tNode_1v_electronics_02,Text,,"Antennas are devices designed to transmit and receive radio signals and are a key component for our space center. By investing in better antenna technology, we are able to extend the range we can communicate to even the most distant planets. Impressive, isn’t it?",Abandonnez-vous aux robots.,Affidati completamente ai robot.,Vertraue auf die Roboter.,Confía en los robots.,自分をロボットに託そう。,로봇에 여러분을 맡겨보세요.,Zaufaj robotom.,Доверьтесь роботам.,全身心地相信机器人。,Deixe a sua vida nas mãos dos robôs.,把自己交給機器人吧。,Tech Node Description,Ready to Test
Science/TechNodes/Descriptions/tNode_1v_electronics_03,Text,,Who needs a crew?,Un équipage ? Pour quoi faire ?,A chi serve un equipaggio?,Wer braucht schon eine Crew?,¿Quién necesita tripulación?,乗組員なんて必要？,누가 승무원이 필요하답니까?,Na co komu załoga?,Кому нужен экипаж?,谁还需要乘员呢？,Quem precisa de tripulação?,誰需要機組人員？,Tech Node Description,Ready to Test
Science/TechNodes/Descriptions/tNode_1v_electronics_04,Text,,"This technology explores the idea of deployable and retractable solar panels, which offer a substantial boost in protection during dangerous ascents and descents through an atmosphere. The protective covers are also quite stylish.",Des pièces électriques plus grosses et plus efficaces. Attention à ne pas vous électrocuter.,Parti elettriche più grandi e migliori. Cerca di non prendere la scossa.,"Größere und bessere Elektroteile. Pass auf, dass du dir keinen Schlag einfängst.",Piezas eléctricas más grandes y mejores. Procura no electrocutarte.,より大きくて優れた電力パーツ。感電しないようにしてください。,더 크고 더 좋은 전기 부품입니다. 감전되지 않도록 주의하세요.,"Większe i lepsze części elektryczne. Uwaga, kopie!","Большие улучшенные электрические детали. Следите, чтобы вас не ударило током.",更大、更好的电子部件。当心别触电。,Peças elétricas maiores e melhores. Cuidado para não levar um choque.,更大且更好的電子零件。小心別觸電。,Tech Node Description,Ready to Test
Science/TechNodes/Descriptions/tNode_1v_monoprop,Text,,Parts designed to physically shove your craft around.,Des pièces conçues pour pousser votre vaisseau à droite et à gauche.,Parti progettate per scarrozzare in giro il tuo veicolo.,"Teile, die deine Fahrzeuge physisch herumschieben.",Piezas diseñadas para dar un empuje físico a tu nave.,機体を物理的に押しやるためのパーツ。,여러분의 기체를 물리적으로 밀어내도록 설계된 부품입니다.,Części przeznaczone do przesuwania statków.,"Детали, предназначенные для того, чтобы толкать ваш аппарат из стороны в сторону.",用来把你的航天器推来推去的部件。,Peças criadas para fisicamente enfiar a sua nave por aí.,設計用來推動飛行器的零件。,Tech Node Description,Ready to Test
Science/TechNodes/Descriptions/tNode_1v_payload,Text,,"Investing in payload technology will help us better protect sensitive equipment and cargo, such as electronics, scientific equipment, and most important, snacks. Payload fairings can even help improve aerodynamics and reduce drag during take-off. And make your ship look cooler.","L'équipage veut emporter des chips... Pardon, des expériences scientifiques.","L'equipaggio vuole portare delle merendine... Oh, volevamo dire ""attrezzatura per esperimenti"".","Die Crew will Snacks mitnehmen ... Äh, wissenschaftliche Experimente natürlich.","La tripulación quiere traerse aperitivos... Ah, quiero decir, experimentos científicos.",乗組員がおやつを持って行きたがっています… あ、じゃなくて実験装置です。,"승무원이 스낵을 가져왔으면 하던데... 아, 제 말은 과학 실험이요.",Załoga chce zabrać dużo przekąsek... To znaczy przyrządów naukowych.,"Экипаж хочет взять с собой вкусняшки... Ой, ну, то есть научное оборудование.",乘员想要带上零食……呃，我们是说科学实验啦。,"A tripulação quer levar lanches nas viagens... Digo, experimentos científicos.",機組人員想帶零食…哦，我們是指科學實驗。,Tech Node Description,Relocalize
Science/TechNodes/Descriptions/tNode_1v_rockets_01,Text,,"With radial decouplers, we will be able to attach fuel tanks and engines to the sides of our craft, then discard them once they're empty, significantly increasing the thrust and range of our vessels. Pretty cool, huh?",Ce qui monte peut maintenant monter plus haut.,Ciò che sale ora sale ancora di più.,"Was nach oben geht, kann noch höher fliegen.",Lo que sube ahora puede hacerlo más alto.,上に上がったものは、もっと上へと上がっていけます。,올라가는 것은 더 높이 올라갈 수 있습니다.,"Co poszło w górę, teraz może iść jeszcze wyżej.","Что поднимается вверх, то может подняться еще выше.",能飞的现在能飞更高。,Tudo que sobe agora pode subir mais ainda.,能往上飛的東西現在能飛得更高。,Tech Node Description,Relocalize
Science/TechNodes/Descriptions/tNode_1v_rockets_02,Text,,"A solid rocket booster, or SRB, is a powerful engine with fuel already built in. They are quite useful for providing a huge amount of thrust during the start of a launch, particularly with 2 or more radially attached. Because more power equals more fun, right?",Un petit coup de boost peut vous emmener très loin.,Una piccola spinta può portare lontano.,Ein kleiner Schub kann große Wirkung haben.,Un empujoncito ayuda mucho.,ちょっとしたブーストで遠くまで行けます。,작은 부스터로 훨씬 멀리 갈 수 있어요.,Niewielki impuls może wiele zdziałać.,Даже маленький ускоритель может принести огромную пользу.,一点小小的推力就能走得很远。,Um empurrãozinho não faz mal.,稍微加速就能飛很遠。,Tech Node Description,Relocalize
Science/TechNodes/Descriptions/tNode_1v_rockets_03,Text,,"With this technology we will explore advances in Specific Impulse, or ISP. Engines with high specific impulse are not always as powerful as lower ISP engines, but are more efficient and consume less fuel, making them quite useful in low gravity environments like space. ",Plus de boosters !,Più spinta!,Meeeehr Booster!,¡Más aceleración!,モアブースター！,더어 많은 부스터어!,Wincy silników pomocniczych!,Больше ускорителей!,更多的推力！,Mais boosteeeers!,更多助推器！,Tech Node Description,Relocalize
Science/TechNodes/Descriptions/tNode_1v_rockets_04,Text,,Because landing safely might be fun.,Pour que les atterrissages réussis soient eux aussi rigolos.,Atterrare in sicurezza potrebbe essere divertente.,"Sicher zu landen, könnte lustig sein.",Porque aterrizar de forma segura puede ser divertido.,安全な着陸は楽しいかもしれないから。,안전하게 착륙하는 것이 재미있을 수도 있으니까요.,Bezpieczne lądowanie może być zabawne.,Безопасная посадка — это весело.,因为安全着陆也许会很有趣。,Porque pousar em segurança talvez seja divertido.,因為安全降落可能很有趣。,Tech Node Description,Ready to Test
Science/TechNodes/Descriptions/tNode_1v_rover,Text,,"When it’s time to explore the surface of a planet, a rover is a Kerbalnaut’s best friend. These wheeled vehicles can be designed for any and all types of conditions and make traveling to alien terrains both convenient and fun.",C'est beaucoup trop long à pied.,Camminare richiede troppo tempo.,Zu Fuß dauert einfach alles zu lange.,Se tarda horrores en ir andando.,歩き回るのは時間がかかりすぎます。,돌아다니면 너무 오래 걸려요.,Gdy na piechotę za daleko.,Ходить пешком слишком долго.,徒步行走太费时间了。,Ir andando demora demais.,走路太花時間了。,Tech Node Description,Ready to Test
Science/TechNodes/Descriptions/tNode_1v_science_01,Text,,"With the environment scanner module equipped, your vessel will be able to gather more detailed reports from all over the Kerbollar system, which will translate to even more delicious blue science points for every fascinating new location you discover and explore.",De la science ! Ouais !,La scienza è divertente!,Wissenschaft macht Spaß!,¡La ciencia es diversión!,サイエンスは楽しい！,과학은 재밌어요!,Nauka jest super!,Наука — это интересно!,科学真有趣！,A ciência é divertida!,科學很有趣！,Tech Node Description,Relocalize
Science/TechNodes/Descriptions/tNode_1v_science_02,Text,,When you really want to know what's going on around you.,Quand vous voulez vraiment savoir ce qui se passe autour de vous.,Quando vuoi davvero scoprire cosa succede intorno a te.,"Wenn du unbedingt wissen willst, was um dich herum passiert.",Cuando quieres enterarte de lo que está pasando a tu alrededor.,自分の周りで何が起こっているのか知りたいときに。,주변에서 무슨 일이 일어나는지 정말 알고 싶을 때.,"Gdy naprawdę chcesz wiedzieć, co się dzieje dookoła.","Если вы очень хотите знать, что происходит вокруг.",当你真正想对身边的世界有所认知时。,Quando você realmente quer saber o que está acontecendo ao seu redor.,當你真的想了解周圍發生的事情時。,Tech Node Description,Ready to Test
Science/TechNodes/Descriptions/tNode_1v_start,Text,,"This is the first step from firework rockets to real rockets. Fly safe, Kerbalnaut.","La première étape pour passer des feux d'artifice aux fusées. Bon vol, kerbonaute.","Il primo passo dai razzi pirotecnici verso i razzi veri. Buon volo, kerbonauta.","Das ist der erste Schritt von Feuerwerksraketen zu echten Raketen. Einen guten Flug, Kerbalnaut.","Este es el primer paso de los cohetes de fuegos artificiales a los cohetes de verdad. Que tengas un buen vuelo, kerbonauta.",これがロケット花火から本物のロケットへの最初の一歩です。安全な飛行を祈る、カーバル宇宙飛行士よ。,"폭죽 로켓에서 실제 로켓으로 넘어가는 첫 걸음입니다. 안전 비행하세요, 우주비행사 여러분.","To pierwszy krok na drodze od fajerwerków do prawdziwych rakiet. Bezpiecznych lotów, kerbalonauto.","Первый шаг на пути от фейерверков к настоящим ракетам. Счастливого полета, кербонавт.",这是从烟花火箭迈向真正火箭的第一步。祝飞行顺利，坎巴拉航空人。,"Esse é o primeiro passo dos fogos de artifício para os foguetes. Voe em segurança, Kerbonauta.",這是從煙火火箭到真正火箭的第一步。安全飛行，坎巴拉太空人。,Tech Node Description,Ready to Test
Science/TechNodes/Descriptions/tNode_1v_trusses,Text,,"They’re trusses, not girders!","C'est des structures de maintien, pas des poutres !","Sono travature, non travi!","Das sind Traversen, keine Träger!","¡Son armazones, no vigas!",これはトラスです、桁ではなくて！,대들보가 아니라 트러스입니다!,"To kratownice, nie dźwigary!","Это фермы, а не балки!",它们是桁架，不是大梁！,"São treliças, não vigas!",它們是桁架，而不是樑！,Tech Node Description,Ready to Test
Science/TechNodes/Descriptions/tNode_1v_utility_01,Text,,"Researching survivability will help us to understand and build highly resistant heat shields for our craft. These are especially useful for re-entry into an atmosphere, where temperatures can climb high enough to roast marshmallows, along with the rest of your ship!",Pour des rentrées atmosphériques moins dangereuses.,Per un rientro leggermente più sicuro!,So wird der Wiedereintritt etwas sicherer!,¡Para que las reentradas sean un poco más seguras!,再突入をもうちょっと安全にします！,재진입을 더 안전하게!,Niech powrót do atmosfery będzie bezpieczniejszy.,Пусть вход в атмосферу станет чуть менее опасным!,使再入更安全一点！,Tornando a reentrada um pouco mais segura!,讓重返大氣層更安全！,Tech Node Description,Relocalize
Science/TechNodes/Descriptions/tNode_1v_utility_02,Text,,Ways to escape when things go horribly wrong.,"Quand tout va mal, pensez F-U-I-T-E !",Vie di fuga quando la situazione si fa disperata.,"Fluchtmöglichkeiten, wenn etwas ganz furchtbar schiefgeht.",Maneras de huir cuando la cosa se pone bien chunga.,物事が恐ろしくうまく行かないときに逃げ出す方法。,심각한 상황에서 살아남기.,"Jak uciec, gdy wszystko się pop...suje.","Способы спастись в тех случаях, когда все пошло не так.",危难中逃生的方法。,Maneiras de escapar quando as coisas derem muito errado.,事態變得很糟糕時的逃生方法。,Tech Node Description,Ready to Test
Science/TechNodes/Descriptions/tNode_1v_xenon,Text,,"Ion powered engines are a breakthrough technology. They have very little thrust, but the specific impulse is unparalleled, making them extremely useful for small exploration probes. They also emit a beautiful blue glow, so what’s not to like?",Plus dur à prononcer qu'à construire.,Più difficile da pronunciare che da costruire.,Schwerer auszusprechen als zu bauen.,Es más difícil de pronunciar que de construir.,作るよりも発音する方が難しい。,사용하는 것보다 발음하는 것이 더 어렵습니다.,Trudniej wymówić niż zbudować.,"Выговорить их название труднее, чем их сделать.",念起来拗口的程度比建造还难。,É mais difícil de pronunciar do que de construir.,比建造還難發音。,Tech Node Description,Ready to Test
Science/TechNodes/Descriptions/tNode_2v_aero_01,Text,,A faster engine and a way to slow down before landing? What a treat!,Un propulseur plus rapide et un outil de freinage avant atterrissage ? Super !,Un motore più potente e un modo per rallentare prima dell'atterraggio? Che affare!,"Ein schnelleres Triebwerk und eine Möglichkeit, vor der Landung abzubremsen? Das ist ja toll!",¿Un motor más rápido capaz de desacelerar antes de aterrizar? ¡Qué chollazo!,もっと速いエンジンと、着陸前に減速する方法？ なんて素晴らしい！,"더 빠른 엔진, 그리고 착륙 전에 속도를 줄이는 방법? 너무 좋아요!",Szybszy silnik i sposób na spowolnienie przed lądowaniem? Ale cacko!,Более быстрый двигатель и способ затормозить перед посадкой? Вот это подарок!,更快的引擎和着陆前减速的方法？多么美妙啊！,Um motor mais rápido e uma maneira de desacelerar antes de pousar? Demais!,更快的引擎和著陸前的減速方法？真是太棒了！,Tech Node Description,Ready to Test
Science/TechNodes/Descriptions/tNode_2v_aero_02,Text,,It's surprising how fast these parts can make your craft look!,C'est fou comme ces pièces donnent un air rapide à votre vaisseau !,È sorprendente quanto queste parti riescano a far sembrare veloce il tuo veicolo!,"Erstaunlich, wie schnell diese Teile dein Fahrzeug erscheinen lassen können!",¡Es sorprendente lo rápidas que pueden parecer las naves con estas piezas!,これらのパーツのおかげで機体がどれほど速そうに見えることか、びっくりさせられます。,이 부품들이 여러분의 기체를 얼마나 빨라 보이게 만드는지 놀랍군요!,"Te części sprawiają, że twój statek wygląda na naprawdę szybki!",Благодаря этим деталям ваш корабль выглядит таким стремительным!,这些部件能让你的载具看起来非常快，真令人惊讶！,É impressionante como essas peças fazem a sua nave parecer mais rápida!,這些零件能讓你的飛行器看起來如此迅速，真是令人驚訝！,Tech Node Description,Ready to Test
Science/TechNodes/Descriptions/tNode_2v_aero_03,Text,,More stuff to carry more stuff.,Plus de trucs pour transporter plus de trucs.,Altra roba per trasportare altra roba.,"Mehr Zeug, um noch mehr Zeug transportieren zu können.",Más cosas para cargar más cosas.,より多くのモノを運ぶためのより多くのモノ。,더 많은 물건을 운반하기 위한 물건입니다.,"Więcej rzeczy, by pomieścić więcej rzeczy.",Новые штуки для перевозки других штук.,更多让你携带更多东西的东西。,Mais troço para transportar mais troço.,更多裝載更多物品的空間。,Tech Node Description,Ready to Test
Science/TechNodes/Descriptions/tNode_2v_construction_01,Text,,A lot more things to build a lot more things.,Beaucoup plus de machins pour construire beaucoup plus de machins.,Molte altre cose per costruire molte altre cose.,"Jede Menge Sachen, um mehr Sachen zu bauen.",Muchas más cosas para construir muchas más cosas.,もっといろいろ作るためのもっといろいろなモノ。,더 많은 것들을 만들기 위한 더 많은 것들입니다.,"Dużo więcej rzeczy, by zbudować dużo więcej rzeczy.",Куча новых штук для создания другой кучи новых штук.,更多让你建造更多东西的东西。,Muitas outras coisas para construir muitas outras coisas.,用於建造更多東西的更多東西。,Tech Node Description,Ready to Test
Science/TechNodes/Descriptions/tNode_2v_construction_02,Text,,Another batch of odds and ends to build things out of.,Un autre tas de trucs et de bidules pour construire des choses.,Un'altra infornata di chincaglierie per costruire cose.,"Eine weitere Ladung an Kram, aus dem man Sachen bauen kann.",Otro lote de chismes con los que construir cosas.,あれこれ作るためのまた新しいガラクタの束。,새로운 물건을 만들기 위한 또 다른 잡동사니입니다.,Kolejna partia różności do budowania różności.,"Еще одна партия всякой всячины, из которой можно делать штуки.",又一批用来建造东西的零碎物品。,Mais uma leva de um monte de geringonça para construir coisas com elas.,另一批可用於建造的零碎物品。,Tech Node Description,Ready to Test
Science/TechNodes/Descriptions/tNode_2v_decouplers_01,Text,,When you just have to say goodbye.,Quand il faut vraiment se quitter.,Quando è arrivato il momento di dirsi addio.,Wenn man einfach „Auf Wiedersehen“ sagen muss.,Para las despedidas.,たださよならを告げなければいけないときに。,작별 인사를 해야 할 때입니다.,Gdy musisz się pożegnać.,"Для тех случаев, когда все-таки нужно прощаться.",当你不得不说再见的时候。,Quando você só precisa dizer adeus.,當你不得不說再見時。,Tech Node Description,Ready to Test
Science/TechNodes/Descriptions/tNode_2v_docking,Text,,Parts to help bring Kerbals closer together!,Des pièces pour rapprocher les Kerbals !,Parti per aiutare i kerbal a riavvicinarsi!,"Teile, die helfen sollen, Kerbals zusammenzubringen!",Piezas para que los kerbals estén más unidos.,カーバル同士をお近づきにしてくれるパーツ！,커벌들이 서로 가까워질 수 있도록 해주는 부품입니다.,Części do łączenia Kerbali!,Эти штуки сближают кербалов!,帮助坎巴拉人拉近距离的部件！,Peças para ajudar a aproximar os Kerbals!,有助於拉近坎巴拉人之間距離的零件！,Tech Node Description,Ready to Test
Science/TechNodes/Descriptions/tNode_2v_electronics_01,Text,,Remember to wear insulated gloves.,Pensez aux gants isolants.,Ricorda di indossare guanti isolanti.,"Denk dran, isolierte Handschuhe zu tragen.",Recuerda ponerte guantes aislantes.,必ず絶縁手袋をつけてください。,절연 장갑을 착용하는 것을 잊지 마세요.,Pamiętaj o rękawicach ochronnych.,Не забудьте надеть защитные перчатки.,记得戴上绝缘手套。,Lembre-se de usar luvas com isolamento.,記得戴上絕緣手套。,Tech Node Description,Ready to Test
Science/TechNodes/Descriptions/tNode_2v_electronics_02,Text,,Powerful antenna and some batteries to keep them running.,Des antennes puissantes et quelques piles pour les faire fonctionner.,Un'antenna potente e alcune batterie per non restare a secco.,"Eine starke Antenne und ein paar Batterien, um sie am Laufen zu halten.",Una antena potente y algunas baterías para que siga funcionando.,パワフルなアンテナとアンテナを稼働させ続けるためのバッテリー。,강력한 안테나와 이를 위해 필요한 배터리입니다.,"Potężne anteny i trochę bateryjek, żeby działały.","Мощная антенна и батареи, чтобы эти штуки продолжали работать.",强大的天线和几块电池就能让它们维持运转了。,Antena poderosa e umas baterias para elas funcionarem.,強大的天線和一些電池以維持其運作。,Tech Node Description,Ready to Test
Science/TechNodes/Descriptions/tNode_2v_hydrogen,Text,,"The Nuclear Engine for Rocket Vehicles, or NERV is a very efficient new type of engine. Even more exciting is that the NERV uses hydrogen for fuel, which has significantly less mass than methalox, making it quite useful for deep space missions. Ignore the green glow, it’s perfectly safe.",Ne faites pas attention à la lueur verdâtre. Ce moteur est absolument sans aucun danger.,Ignora il bagliore verdognolo: questo motore è sicurissimo.,"Beachte das grüne Leuchten gar nicht, dieses Triebwerk ist absolut sicher.",Ni caso al brillo de tono verdoso. El motor está perfectamente.,緑っぽく光っているのは無視してください。このエンジンは絶対安全です。,녹색섬광은 무시하세요. 이 엔진은 완벽하게 안전합니다.,"Nie zwracaj uwagi na zieloną poświatę, ten silnik jest całkiem bezpieczny.","Не обращайте внимания на зеленоватое свечение, этот двигатель абсолютно безопасен.",别太在意那绿油油的光，这部引擎绝对安全。,"Ignore o brilho esverdeado, esse motor é totalmente seguro.",別看它泛著綠光，這台引擎可是絕對安全的。,Tech Node Description,Ready to Test
Science/TechNodes/Descriptions/tNode_2v_payload,Text,,All sorts of parts to carry other parts and even some hitchhikers!,Toutes sortes de pièces pour transporter d'autres pièces et même des voyageurs galactiques !,Parti di ogni risma per trasportare altre parti e anche qualche autostoppista!,"Alle möglichen Teile, mit denen sich andere Teile transportieren lassen – und sogar Anhalter!",¡Todo tipo de piezas para llevar otras piezas e incluso a algunos autoestopistas!,他のパーツを運ぶためのありとあらゆるパーツ。ヒッチハイカーだって運べます！,다른 부품이나 히치하이커를 수송할 수 있는 모든 종류의 부품입니다!,"Różne części do przewożenia części, a nawet autostopowiczów!","Самые разные детали, чтобы везти другие детали и даже автостопщиков!",各种各样能搭载其他部件的部件，甚至还能搭个顺风车！,Todo tipo de peça para transportar outras peças e até mesmo mochileiros!,各式各樣的零件可攜帶其他零件，甚至還有一些搭便車的人！,Tech Node Description,Ready to Test
Science/TechNodes/Descriptions/tNode_2v_rockets_01,Text,,Power? What can go wrong?,Plus de puissance ? Et pourquoi pas ?,Potenza? E che problema c'è?,Leistung? Was soll da schon schiefgehen?,¿Potencia? No veo fallas en su lógica.,パワー？ だいじょうぶ、だいじょうぶ。,출력? 높아서 나쁠 게 있나요?,Moc? Co może pójść nie tak?,Энергия? Что может пойти не так?,动力？能出什么错？,Energia? O que poderia dar errado?,動力？會出什麼問題？,Tech Node Description,Ready to Test
Science/TechNodes/Descriptions/tNode_2v_rockets_02,Text,,Providing the best view on your craft!,La plus belle vue de votre vaisseau !,La miglior vista possibile dal tuo veicolo!,Bietet den besten Ausblick von deinem Fahrzeug aus!,¡Las mejores vistas para tu nave!,あなたの宇宙船で最高の眺めを提供します！,여러분의 기체에 최고의 뷰를 선사하세요!,Zapewniają najlepszy widok twojego statku.,Лучший вид на ваш аппарат!,为你的航天器提供最佳视野！,Oferecendo a melhor vista da sua nave!,為你的飛行器提供最佳視野！,Tech Node Description,Ready to Test
Science/TechNodes/Descriptions/tNode_2v_rockets_03,Text,,Moar Power!,On a plus de puissance !,Più potenza!,Meeeehr Leistung!,¡Más potencia!,モアパワー！,더어 많은 추려억!,Wincy mocy!,Больше энергии!,更多能源！,Mais energiaaaa!,更強大的動力！,Tech Node Description,Ready to Test
Science/TechNodes/Descriptions/tNode_2v_rockets_04,Text,,Turning your craft using just an engine? Is that even possible?,Faire tourner son vaisseau avec un seul propulseur ? Quelle est cette sorcellerie ?,Manovrare il tuo veicolo usando solo un motore? È possibile?,Dein Fahrzeug einfach nur mit dem Triebwerk ausrichten? Ist das überhaupt möglich?,¿Girar la nave con un solo motor? ¿Acaso es posible?,エンジンだけを使って機体の向きを変える？ そんなことが可能？,엔진만으로 기체를 돌리나요? 그게 가능하긴 해요?,Obracanie statku za pomocą samego silnika? To tak się da?,Поворачивать аппарат только с помощью двигателя? А это вообще возможно?,只用一个引擎就能启动你的航天器？这真的可能吗？,Virar a nave com apenas um motor? Isso é possível?,只靠一個引擎就能讓飛行器轉彎？這可能嗎？,Tech Node Description,Ready to Test
Science/TechNodes/Descriptions/tNode_2v_rover,Text,,"For your off-world, off-road driving pleasure.",Pour vos envies de hors-piste interplanétaire.,Per goderti una guida fuoristrada e fuori dal pianeta.,Für Fahrspaß abseits der Straße ... und abseits des Planeten.,Para que disfrutes de la conducción todoterreno.,オフワールドの、オフロードドライビングの楽しみのために。,"여러분의 오프월드, 오프로드 주행의 즐거움을 위하여.",Do jazdy terenowej po nieziemskim terenie.,"Для тех, кто любит кататься по ухабам и космическому бездорожью.",在外星畅享越野乐趣。,"Para o seu prazer de dirigir, seja fora da estrada ou fora do planeta.",為你帶來外星、越野的駕駛樂趣。,Tech Node Description,Ready to Test
Science/TechNodes/Descriptions/tNode_2v_science_01,Text,,Want to know if you can take your helmet off?,Vous voulez savoir si vous pouvez enlever votre casque ?,Vuoi sapere se puoi toglierti il casco?,"Willst du wissen, ob du deinen Helm abnehmen kannst?",¿Quieres saber si te puedes quitar el casco?,ヘルメットを外しても大丈夫か知りたいですか？,헬멧을 벗어도 되는지 알고 싶나요?,"Chcesz wiedzieć, czy można tu zdjąć hełm?","Хотите знать, можно ли снять шлем?",想知道能不能把头盔摘了？,Quer saber se você pode tirar o capacete?,想知道能否摘下頭盔嗎？,Tech Node Description,Ready to Test
Science/TechNodes/Descriptions/tNode_2v_science_02,Text,,Keeping your science equipment dry at any depth!,Gardez votre équipement scientifique au sec à toute profondeur.,Per tenere la tua attrezzatura scientifica asciutta a qualsiasi profondità.,Hält deine wissenschaftliche Ausrüstung bei jeder Tiefe trocken.,Para mantener seco tu equipo científico a cualquier profundidad.,どんな深さでも科学機器を濡らさずにキープします。,어떤 깊이에서도 여러분의 과학 장비를 건조하게 유지합니다.,Niech twoje przyrządy naukowe pozostaną suche na każdej głębokości.,"Ваше оборудование не промокнет, на какую бы глубину вы ни опустились.",无论多深都能让你的科学仪器保持干燥,Mantendo o seu equipamento científico seco em qualquer profundidade.,在任何深度都能讓科學設備保持乾燥,Tech Node Description,Ready to Test
Science/TechNodes/Descriptions/tNode_2v_science_03,Text,,It is important that we develop a large-scale science lab for our space program. Think of how much science we can learn if we could study individual regions on a planet or moon from low orbit! That should be well worth the cost in snacks.,Il est important que nous développions un labo scientifique à grande échelle pour notre programme spatial. Pensez à tout ce que nous pourrions apprendre si nous pouvions étudier des régions individuelles d’un corps céleste depuis une orbite basse ! Cela devrait valoir le coût en chips.,È importante sviluppare un laboratorio di scienza su larga scala per il nostro programma spaziale. Pensa a quanta scienza potremmo assimilare studiano le singole regioni di un pianeta o di una luna dalla orbita bassa! Ne varrebbe il costo delle merendine.,"Es ist wichtig, dass wir ein groß angelegtes Wissenschaftslabor für unser Weltraumprogramm entwickeln. Stell dir vor, wie viel Wissenschaft wir lernen könnten, wenn wir einzelne Regionen eines Planeten oder eines Mondes aus einer niedrigen Umlaufbahn untersuchen könnten! Das sollte die Kosten für Snacks auf jeden Fall wert sein.",Es importante que desarrollemos un laboratorio científico a gran escala para nuestro programa espacial. Piensa en todo lo que aprenderíamos si pudiéramos estudiar cada región de un planeta o de la Muna desde la órbita baja. Bien valdría su precio en aperitivos.,宇宙開発の規模を拡大するために研究は欠かせません。 想像してみてください、もしも低軌道から惑星や月の別々のエリアを調べることができたらどれほどの研究が進むでしょうか！充分におやつを払う価値がありますね。,[ko-kr] It is important that we develop a large-scale science lab for our space program. Think of how much science we can learn if we could study individual regions on a planet or moon from low orbit! That should be be well worth the cost in snacks.,"To ważne by opracować laboratorium działające na dużą skalę. Pomyśl ile moglibyśmy się nauczyć, gdybyśmy mogli studiować indywidualne regiony planety czy księżyca z niskiej orbity! To powinno być warte swojej ceny w przekąskach.","Очень важно иметь широкомасштабную научную лабораторию для нашей космической программы. Представьте себе, сколько мы cможем узнать, изучая со своей орбиты отдельные регионы на планете или луну! Это вполне окупит все затраты!",重要的是我们要为我们的太空计划开发一个大型科学实验室。想想如果我们能从低轨道研究行星或月球上的各个区域，我们能学到多少科学知识！这应该是能值回零食成本的。,É importante que desenvolvamos um laboratório científico de grande escala para o nosso programa espacial. Pense na quantidade de ciência que podemos aprender se pudermos estudar regiões individuais de um planeta ou de uma lua a partir de uma órbita baixa! O custo em lanches vai valer a pena.,為我們的太空計畫開發一個大型科學實驗室非常重要。想像一下，如果我們可以從低軌道研究行星或衛星上的特定區域，我們可以學到多少科學知識！這應該比在零食上的花費值得多了。,Tech Node Description,Ready to Loc
Science/TechNodes/Descriptions/tNode_2v_trusses_01,Text,,Larger trusses mean larger ships.,Qui dit plus grosse structure de maintien dit plus gros vaisseau.,Travature più grandi uguale veicoli più grandi.,Größere Traversen bedeuten größere Schiffe.,"Cuanto más grande el armazón, mayor la nave.",トラスが大きければ、船も大きくなります。,더 큰 트러스는 더 큰 기체를 의미합니다.,Większe kratownice oznaczają większe statki.,"Чем больше фермы, тем больше корабль.",更大的桁架意味着更大的飞船。,"Treliças maiores, naves maiores.",桁架越大，太空船就越大。,Tech Node Description,Ready to Test
Science/TechNodes/Descriptions/tNode_2v_trusses_02,Text,,All sorts of fun ways to attach trusses.,Fixer une structure de maintien n'a jamais été aussi amusant !,Collegare travature non è mai stato così divertente.,"Jede Menge lustige Wege, Traversen anzubringen.",Toda clase de divertidas formas de acoplar armazones.,トラスを取り付けるためのありとあらゆる楽しい方法。,트러스를 부착하는 모든 종류의 재밌는 방법입니다.,Wszystkie zabawne sposoby łączenia kratownic.,Самые интересные способы прикрепления ферм.,连接桁架乐趣多多。,Muitas maneiras divertidas de conectar treliças.,各種有趣的樑架連接方式。,Tech Node Description,Ready to Test
Science/TechNodes/Descriptions/tNode_2v_utility,Text,,We’re providing you with a ladder. Don’t forget to bring it along.,On vous fournit l'échelle. Essayez de ne pas l'oublier.,Ti forniamo una scaletta. Ricorda di portarla a bordo.,"Wir stellen dir eine Leiter. Vergiss nicht, sie mitzunehmen.",Te estamos dando una escalera. No te olvides de cogerla.,ハシゴをご用意してあります。忘れずに持って行ってください。,여러분께 사다리를 제공하고 있습니다. 꼭 챙겨가세요.,Dajemy ci drabinę. Nie zapomnij zabrać jej ze sobą.,Мы дадим вам лестницу. Не забудьте взять ее с собой.,我们会为你提供梯子，别忘了带上。,Nós providenciamos uma escada para você. Não esqueça de levá-la.,我們為你準備了梯子。別忘了帶上它。,Tech Node Description,Ready to Test
Science/TechNodes/Descriptions/tNode_3v_aero_01,Text,,"Big, pointy parts for your craft.",De grosses pièces pointues pour votre vaisseau.,Grosse parti appuntite per il tuo veicolo.,"Große, spitze Teile für dein Fahrzeug.",Piezas grandes y puntiagudas para tu nave.,あなたの宇宙船のための大きな尖ったパーツ。,여러분의 기체에 사용할 크고 뾰족한 부품입니다.,Wielkie spiczaste części.,Большие заостренные детали для вашего корабля.,又大又尖的部件，为你的航天器所用。,Peças grandes e pontudas para a sua nave.,巨大且尖銳的飛行器零件。,Tech Node Description,Ready to Test
Science/TechNodes/Descriptions/tNode_3v_aero_02,Text,,"Strap yourself in and hold on tight. Things are about to get really, really fast!",Accrochez votre ceinture et cramponnez-vous bien. On va passer la vitesse supérieure !,Allaccia le cinture e tieniti forte. Su i motori!,"Schnall dich an und halt dich fest, denn jetzt wird es wirklich, wirklich schnell!","¡Ponte el cinturón y agárrate fuerte, porque vamos a salir volando!",ベルトをしっかり締めてください。本当に本当に猛スピードになりますから！,안전띠를 하고 꽉 붙잡으세요. 정말 정말 빨라질 거예요.,Zapnij pasy i trzymaj się powietrza. Zaraz polecimy naprawdę szybko!,"Пристегните ремни и держитесь крепко. Эта штука полетит очень, очень быстро!",系好安全带，坐稳。马上就会非常、非常快了！,"Aperte o cinto e segure firme. Agora a coisa vai ficar muito, muito rápida!",繫好安全帶，抓緊了。一切就要變得非常非常快了！,Tech Node Description,Ready to Test
Science/TechNodes/Descriptions/tNode_3v_aero_03,Text,,Ever want to fly around the planet? Now you can.,Vous avez déjà voulu faire le tour de la planète en volant ? Maintenant c'est possible !,Hai mai voluto volare intorno al pianeta? Ora puoi farlo.,Wolltest du schon mal um den Planeten fliegen? Jetzt kannst du das.,¿Alguna vez has querido volar alrededor del planeta? Ahora puedes hacerlo.,惑星の周りを飛んでみたくありませんか？ 今なら可能です。,행성을 비행하고 싶으시다고요? 자 이제 가능합니다.,Marzy ci się oblot całej planety bez postoju? Działaj.,Вам когда-нибудь хотелось облететь вокруг планеты? Теперь у вас есть шанс это сделать.,有没有想过绕着星球飞行？现在你的梦想成真了。,Sempre sonhou em voar pelo planeta? Agora você pode.,你是否曾經想過環繞行星飛行？現在你可以了。,Tech Node Description,Ready to Test
Science/TechNodes/Descriptions/tNode_3v_aero_04,Text,,Because spaceplanes are one of the coolest things you can build.,Vous ne construirez jamais rien de plus cool qu'un avion spatial.,Perché gli spazioplani sono tra le cose migliori che puoi costruire.,"Weil Weltraumflugzeuge eine der coolsten Sachen sind, die man bauen kann.",Porque los aviones espaciales son una de las cosas más molonas que puedes construir.,宇宙船はあなたが作れる世界で一番カッコいいもののひとつなので。,우주선은 여러분이 만들 수 있는 가장 멋진 물건 중 하나이기 때문입니다.,"Samoloty kosmiczne należą do najbardziej czaderskich rzeczy, jakie można budować.",Космопланы — самые крутые штуки в мире.,因为航天器是你所能建造的最酷的东西。,Porque aviões espaciais são uma das coisas mais legais de se construir.,因為太空飛機是你能製造的最酷的東西之一。,Tech Node Description,Ready to Test
Science/TechNodes/Descriptions/tNode_3v_aero_05,Text,,Enough fuel to circumnavigate a planet... twice.,Assez de carburant pour faire le tour d'une planète... deux fois.,Carburante a sufficienza per circumnavigare il pianeta... due volte.,"Genug Treibstoff, um einen Planeten zu umrunden ... und zwar zweimal.",Combustible suficiente para circunnavegar un planeta... dos veces.,惑星をぐるりと…2回周るのに十分な燃料。,행성을 일주할 만큼 충분한 연료입니다... 두 번이나요.,"Wystarczająco dużo paliwa, by oblecieć całą planetę. Dwa razy.","Этого топлива хватит, чтобы облететь вокруг планеты... дважды.",燃料足以环绕星球航行……两次。,Combustível suficiente para circum-navegar um planeta... duas vezes.,足夠繞行一顆行星…兩圈的燃料。,Tech Node Description,Ready to Test
Science/TechNodes/Descriptions/tNode_3v_construction_01,Text,,Now you can have even more fun with trusses.,De quoi s'amuser encore plus avec les structures de maintien !,Ora puoi divertirti ancora di più con le travature.,Jetzt kannst du noch mehr Spaß mit Traversen haben.,Ahora puedes divertirte el doble con los armazones.,これでトラスをもっと楽しむことができます。,이제 트러스를 통해 더 많은 즐거움을 누릴 수 있습니다.,Teraz masz jeszcze więcej zabawy z kratownicami.,Теперь фермы доставят вам еще больше веселья.,从此以后，桁架能为你带来更多乐趣了。,Agora você pode se divertir ainda mais com treliças.,現在你可以更盡情地享受桁架的樂趣。,Tech Node Description,Ready to Test
Science/TechNodes/Descriptions/tNode_3v_decouplers_01,Text,,Large explosive decouplers! Boom!,Des gros découpleurs explosifs ! Boum !,Grandi disaccoppiatori esplosivi! Boom!,"Große, explosive Entkoppler! Bumm!",¡Grandes desacopladores explosivos! ¡Bam!,大きな爆発性デカプラー！ ドカーン！,대형 폭발성 디커플러! 쾅!,Wielkie wybuchowe rozdzielacze! Bum!,Большие взрывающиеся отделители! Ба-бах!,超大的爆炸分离器！砰！,Desacopladores de explosivos grandes! Bum!,大型爆炸解耦器！砰！,Tech Node Description,Ready to Test
Science/TechNodes/Descriptions/tNode_3v_docking_01,Text,,"Helping bring Kerbals together, magnetically!","Pour rapprocher les Kerbals, maintenant avec des aimants !",Aiutiamo a riavvicinare i kerbal con il potere del magnetismo!,Führt Kerbals zusammen – magnetisch!,¡Para que los kerbals se unan magnéticamente!,カーバルをくっつけるのに役立ちます。磁力でね！,자력을 통해 커벌을 하나로 모을 수 있습니다!,Ten zwierzęcy magnetyzm między Kerbalami można wykorzystać.,Сближаем кербалов с помощью магнитов!,借助磁力，帮助所有坎巴拉人联合起来！,"Ajudando os Kerbals a se aproximarem, magneticamente!",助坎巴拉人透過磁力互相靠近！,Tech Node Description,Ready to Test
Science/TechNodes/Descriptions/tNode_3v_electronics_01,Text,,They can pilot a ship and beat you at your own game.,Ils peuvent piloter un vaisseau et vous battre à votre propre jeu.,Possono pilotare un veicolo e batterti al tuo stesso gioco.,Sie können ein Schiff fliegen und dich einfach ersetzen.,Pueden pilotar una nave y hacerlo mejor que tú.,宇宙船を操縦し、あなたのお株を奪ってあなたを打ち負かすことができます。,"그것은 기체를 조종할 수 있을 뿐만 아니라, 여러분과의 게임에서 여러분을 이길 수 있습니다.",Potrafią pilotować statki i tłumaczyć teksty.,Они могут управлять кораблем и обыграть вас в вашу же игру.,他们能驾驶飞船并做到青出于蓝而胜于蓝。,Eles podem pilotar uma nave e te vencer no seu próprio jogo.,他們可以駕駛一艘太空船，並在你擅長的遊戲中打敗你。,Tech Node Description,Ready to Test
Science/TechNodes/Descriptions/tNode_3v_electronics_02,Text,,Further advances in the quest for unlimited power.,La quête de la puissance ultime progresse encore.,Nuovi passi in avanti verso un potere illimitato.,Weitere Fortschritte bei der Suche nach unbegrenzter Leistung.,Nuevos avances en la búsqueda de potencia ilimitada.,無限の力を求めてさらに進化します。,무한한 힘을 향한 갈망으로 더욱 발전하게 됩니다.,Dalsze postępy w pościgu za nieograniczoną mocą.,Еще один шаг на пути к неограниченным запасам энергии.,在追求无限动力的路上更进一步。,Mais um avanço na busca por energia ilimitada.,在追求無限動力的探索中進一步取得進展。,Tech Node Description,Ready to Test
Science/TechNodes/Descriptions/tNode_3v_hydrogen_01,Text,,"Large, nuclear, totally safe.","Grand, nucléaire, sans aucun danger.","Grande, nucleare, completamente sicuro.","Groß, atomar, absolut sicher.","Grande, nuclear y totalmente seguro.",大きくて、原子力で、絶対安全。,"대형, 핵, 완벽하게 안전.","Wielkie, jądrowe i całkiem bezpieczne.","Большой, ядерный, абсолютно безопасный.",不仅大，还是核能的，绝对安全。,"Grande, nuclear, muito seguro.",大型、核能、絕對安全。,Tech Node Description,Ready to Test
Science/TechNodes/Descriptions/tNode_3v_payload_01,Text,,Trusses that store stuff for folks who need every part to serve a purpose.,Des structures de maintien avec des espaces de stockage pour les Kerbals qui aiment que chaque pièce serve à quelque chose.,Travature che contengono cose per chi vuole che ogni parte abbia uno scopo.,"Traversen, in denen man Sachen verstauen kann – für Leute, bei denen jedes Teil einen Zweck erfüllen muss.",Armazones que almacenan cosas para gente que necesita que cada pieza sirva para algo.,目的を果たすためにすべてのパーツを必要とする人々のための収納トラス。,임무 달성을 위해 필요한 모든 부품을 보관하는 트러스입니다.,"Kratownice, w których można trzymać rzeczy. Dla tych, co uważają, że każda część statku powinna coś robić.","Фермы, в которых можно хранить разное добро. Для тех, у кого каждая деталь должна играть свою роль.",为那些需要每个部件物尽其用的人储存物品的桁架。,Treliças que armazenam coisas para quem acha que toda peça precisa ter uma utilidade prática.,讓需要每個零件都有用途的人有地方存放物品的桁架。,Tech Node Description,Ready to Test
Science/TechNodes/Descriptions/tNode_3v_payload_02,Text,,Designed to hold massive amounts of snacks and some Kerbals!,Conçu pour contenir d'énormes quantités de chips plus quelques Kerbals !,Progettato per contenere enormi quantità di merendine e qualche kerbal!,"Ausgelegt darauf, jede Menge Snacks zu transportieren ... und ein paar Kerbals!",¡Diseñado para almacenar cantidades ingentes de aperitivos y hasta varios kerbals!,大量のおやつとカーバル数人を収納できる設計です！,엄청난 양의 스낵과 몇몇 커벌을 수송할 수 있도록 설계되었습니다!,Pomieszczą ogromne ilości przekąsek i trochę Kerbali!,"Эти штуки предназначены для того, чтобы хранить огромное количество вкусняшек и еще пару кербалов!",设计的初衷是为了容纳海量的零食和许多坎巴拉人！,Projetado para armazenar uma quantidade enorme de lanches e alguns Kerbals!,專為容納大量零食和一些坎巴拉人而設計！,Tech Node Description,Ready to Test
Science/TechNodes/Descriptions/tNode_3v_rockets_01,Text,,Specializing in even bigger and better controlled explosions.,Leur spécialité ? Des explosions toujours plus grosses et toujours plus contrôlées.,Specializzata in esplosioni ancora più grandi e controllate.,Spezialisiert auf noch größere und besser kontrollierte Explosionen.,Especializados en explosiones aún más grandes y mejor controladas.,より大きくより制御しやすい爆発に特化しています。,더 크고 더 안정적인 폭발에 특화시켰습니다.,Specjalnie do jeszcze większych i lepiej kontrolowanych wybuchów.,Специализируемся на еще более мощных и еще более управляемых взрывах.,专攻规模更大、更好控制的爆炸。,Especializando-se em explosões controladas ainda maiores e melhores.,專門用於更大、更精準控制的爆炸。,Tech Node Description,Ready to Test
Science/TechNodes/Descriptions/tNode_3v_rockets_02,Text,,How big can a rocket engine get? You're about to find out!,C'est quoi la taille maximale d'un propulseur de fusée ? Vous allez voir !,Quanto può essere grosso un motore a razzo? Stai per scoprirlo!,Wie groß kann ein Raketentriebwerk werden? Das wirst du bald herausfinden!,¿Que qué tamaño puede alcanzar el motor de un cohete? ¡Ahora lo verás!,ロケットエンジンはどこまで大きくなれるのでしょうか？ 今にわかります！,로켓 엔진은 얼마나 더 커질 수 있을까요? 곧 알게 될 것입니다!,Jak wielki może być silnik rakietowy? Zaraz się dowiesz.,Насколько большим может быть ракетный двигатель? Скоро вы узнаете?,火箭引擎能有多大？你马上就会知道了！,Até que tamanho o motor de foguete pode chegar? Você está prestes a descobrir!,火箭引擎能有多大？你馬上就會知道！,Tech Node Description,Ready to Test
Science/TechNodes/Descriptions/tNode_3v_rockets_03,Text,,Designed for some serious distance.,Conçu pour les vraies longues distances.,Progettato per coprire distanze notevoli.,"Entwickelt, um ordentlich Distanz aufzubauen.",Diseñado para larguísimas distancias.,本格的な飛距離のために設計されました。,심각할 정도로 먼 거리를 비행하기 위해 설계되었습니다.,Latają naprawdę daleko.,Эта штука рассчитана на серьезные расстояния.,设计用于很远的距离。,Feito para distâncias absurdamente distantes.,專為遠距離飛行而設計。,Tech Node Description,Ready to Test
Science/TechNodes/Descriptions/tNode_3v_rockets_04,Text,,"The friendliest, cuddliest engines around.",Les propulseurs les plus sympas et mignons qui soient.,I motori più amichevoli e coccolosi in circolazione.,"Die nettesten, knuddeligsten Triebwerke, die es gibt.",Los motores más simpáticos y adorables.,最もフレンドリーで抱きしめたくなるエンジン。,가장 친근하면서 가장 사랑스러운 엔진입니다.,Najbardziej przyjazne i przytulaśne silniki na rynku.,Самые милые и дружелюбные двигатели в мире.,最友好、最惹人喜爱的引擎。,O motor mais amigável e amoroso do mercado.,最友善、最可愛的引擎。,Tech Node Description,Ready to Test
Science/TechNodes/Descriptions/tNode_3v_trusses_01,Text,,Just when you thought you had enough trusses.,Vous pensiez avoir toutes les structures de maintien qu'il vous fallait ?,Proprio quando pensavi di avere travature a sufficienza.,"Gerade, als du dachtest, du hättest genug Traversen ...",Por si pensabas que tenías suficientes armazones.,トラスはもう十分だと思ったら。,트러스가 충분하다고 생각했을 때.,"A już ci się wydawało, że masz dosyć kratownic.",Ферм много не бывает.,当你以为桁架已经够多的时候，现实让你出乎意料。,Justo quando você pensou que não precisava de mais treliças.,就在你以為自己已經有夠多桁架時。,Tech Node Description,Ready to Test
Science/TechNodes/Descriptions/tNode_4v_construction_01,Text,,"Tubes, adapters, and nose cones, oh my!","Des tubes, des adaptateurs, des coiffes de protection... N'en jetez plus !","Tubi, adattatori e ogive. Be', che dire!","Röhren, Adapter und Bugnasen, meine Güte!","Tubos, adaptadores y narices cónicas... ¡Madre mía!",チューブ、アダプター、ノーズコーン、ああ、なんてこと！,"튜브, 어댑터, 노즈콘, 이런!","Rury, przejściówki i stożki dziobowe, ojejku jejku!","Трубки, адаптеры, носовые обтекатели, мама дорогая!",管道、转接器和头锥，天啊！,"Tubos, adaptadores e cones dianteiros. Uau!",管子、適配器和鼻錐，哇喔！,Tech Node Description,Ready to Test
Science/TechNodes/Descriptions/tNode_4v_decouplers_01,Text,,Decouplers that pack quite a wallop.,Des découpleurs sérieux.,Disaccoppiatori che sanno il fatto loro.,Entkoppler mit ordentlich Wumms.,Desacopladores de lo más potentes.,効き目ばっちりのデカプラー。,꽤 강력한 성능을 발휘하는 디커플러입니다.,"Rozdzielacze, które dają kopa.",Невероятно мощные отделители.,效果强劲的分离器。,Desacopladores com potência para dar e vender.,具有相當大威力的解耦器。,Tech Node Description,Ready to Test
Science/TechNodes/Descriptions/tNode_4v_docking_01,Text,,So much more than just a ring.,Ce n'est pas un simple anneau.,Molto più di un semplice anello.,So viel mehr als nur ein Ring.,Mucho más que un anillo.,ただのリングをはるかに上回ります。,반지 그 이상의 것입니다.,To dużo więcej niż zwykły pierścień.,Это совсем не просто кольцо.,不仅仅是一个环。,Muito mais do que um simples anel.,這肯定不僅是一個環。,Tech Node Description,Ready to Test
Science/TechNodes/Descriptions/tNode_4v_electronics_01,Text,,"High voltage, handle with care!",Attention ! Forte tension.,Alta tensione. Maneggiare con cura!,"Vorsicht, Hochspannung!",¡Alto voltaje: manipular con cuidado!,高電圧、取扱注意！,고전압입니다. 조심해서 다루세요!,"Wysokie napięcie, zachować ostrożność!",Высокое напряжение! Обращаться с осторожностью!,高压电，请小心操作！,Alta voltagem! Manuseie com cuidado!,高電壓，小心操作！,Tech Node Description,Ready to Test
Science/TechNodes/Descriptions/tNode_4v_hydrogen_01,Text,,More hydrogen for your nuclear engines.,Plus d'hydrogène pour vos propulseurs nucléaires.,Altro idrogeno per i tuoi motori nucleari.,Mehr Wasserstoff für deine Nukleartriebwerke.,Más hidrógeno para tus motores nucleares.,原子力エンジンのためのさらに多くの水素。,핵 엔진을 위한 더 많은 수소입니다.,Więcej wodoru do silników termojądrowych.,Больше водорода для ваших ядерных двигателей.,让你的核能引擎有更多的氢燃料。,Mais hidrogênio para seus motores nucleares.,為核子引擎提供更多氫氣。,Tech Node Description,Ready to Test
Science/TechNodes/Descriptions/tNode_4v_monoprop_01,Text,,That is a really big tank!,Ça c'est un vrai gros réservoir !,È un serbatoio bello grosso!,Das ist ein echt großer Tank!,¡Este depósito es la leche de grande!,これは本当に大きなタンクです！,정말 큰 탱크네요!,To naprawdę wielki zbiornik!,Какой огромный бак!,这罐子可真大啊！,Que tanque grande!,那是非常大的儲存罐！,Tech Node Description,Ready to Test
Science/TechNodes/Descriptions/tNode_4v_payload_01,Text,,Just think how much stuff you can haul around now!,Imaginez un peu tous les trucs que vous allez pouvoir trimballer !,Pensa a quanta roba puoi trasportare adesso!,"Überleg mal, wie viel Zeug du jetzt durch die Gegend transportieren kannst!",¡Piensa en cuántas cosas vas a poder llevar ahora!,これでどれだけの荷物を運べるか、考えてみて！,여러분이 얼마나 많은 물건을 가지고 다닐 수 있는지 생각해 보세요!,"Tylko pomyśl, jak duże rzeczy możesz teraz zapakować do rakiety!","Только подумайте, сколько груза вы сможете перевезти теперь!",现在能搬运的东西超出你的想象！,Pensa só em quanta coisa você pode levar pra lá e pra cá agora!,想想看，現在可以拖著多少東西到處跑！,Tech Node Description,Ready to Test
Science/TechNodes/Descriptions/tNode_4v_rockets_01,Text,,That is a whole lot of fuel!,Ça en fait du carburant !,Quanto carburante!,Das ist ganz schön viel Treibstoff!,¡Eso es una barbaridad de combustible!,実にたくさんの燃料だ！,엄청난 양의 연료입니다!,To całe mnóstwo paliwa!,Это же целая гора топлива!,燃料真多啊！,É combustível até dizer chega!,那可是一大堆燃料！,Tech Node Description,Ready to Test
Science/TechNodes/Descriptions/tNode_4v_rover_01,Text,,Trucks on Dres? Have you seen that ridge?,Des rovers sur Dres ? Vous avez vu cette crête ?,Dei camion su Dres? Ma l'hai vista quella cresta?,LKW auf Dres? Hast du diesen Kamm gesehen?,¿Camiones en Dres? ¿Tú has visto esa cresta?,ドレスにトラック？ あの尾根を見た？,드레스에 트럭이? 저 능선을 보셨나요?,Ciężarówki na Dres? A widzieliście te góry?,Грузовики на Дресе? А вы тамошние горы видели?,Dres上的卡车？你看到那山脊了吗？,Caminhões em Dres? Você não viu aquela cordilheira?,德雷斯星上的卡車？你有看到那個山脊嗎？,Tech Node Description,Ready to Test
Science/TechNodes/Descriptions/tNode_4v_trusses_01,Text,,More trusses in a variety of shapes and sizes for your building enjoyment.,Toujours plus de structures de maintien pour toujours plus de tests de construction.,Altre travature in varie forme e dimensioni per ogni tua esigenza edile.,Noch mehr Traversen in verschiedenen Formen und Größen – da kann der Bauspaß ja losgehen.,Más armazones en una variedad de formas y tamaños para que te lo pases bomba construyendo.,さまざまな形状とサイズのトラスがたっぷりで、建築を楽しめます。,건축의 즐거움을 위해 다양한 모양과 크기의 더 많은 트러스가 있습니다.,Więcej kratownic różnych rozmiarów i kształtów. Dla miłośników budowania z klocków.,"Еще больше ферм разных форм и размеров, чтобы вам было веселее строить.",更多各种形状和尺寸的桁架，让你的建造充满乐趣。,Mais treliças com formatos e tamanhos variados para as suas necessidades construtivas.,更多不同形狀和尺寸的桁架，讓你盡情享受建造樂趣。,Tech Node Description,Ready to Test
Science/TechNodes/Descriptions/tNode_4v_trusses_02,Text,,Just when you thought you had enough trusses.,Vous pensiez avoir toutes les structures de maintien qu'il vous fallait ?,Proprio quando pensavi di avere travature a sufficienza.,"Gerade, als du dachtest, du hättest genug Traversen ...",Por si pensabas que tenías suficientes armazones.,トラスはもう十分だと思ったのに。,트러스가 충분하다고 생각했을 때.,"A już ci się wydawało, że masz dosyć kratownic.",Ферм много не бывает.,当你以为桁架已经够多的时候，现实让你出乎意料。,Justo quando você pensou que não precisava de mais treliças.,就在你以為自己已經有夠多桁架時。,Tech Node Description,Ready to Test
Science/TechNodes/Descriptions/tNode_4v_utility_01,Text,,Big legs for big craft.,Un gros train d'atterrissage pour un gros appareil.,Grandi carrelli per un grande veicolo.,Große Beine für große Fahrzeuge.,Patas grandes para naves grandes.,大きな機体のための大きな脚。,대형 공예품을 위한 대형 다리.,Wielkie nogi do wielkich statków.,Большие ноги для большого аппарата.,航天器越大，支架也越大。,Pernas grandes para naves grandes.,大型飛行器的大型著陸架。,Tech Node Description,Ready to Test
Science/TechNodes/Names/tNode_0v_aero,Text,,Aerial Drones,Drones aériens,Droni aerei,Flugdrohnen,Drones aéreos,空中ドローン,무인 항공기,Latające drony,Беспилотники,空中无人机,Drones Aéreos,空中無人機,Tech Node Name,Ready to Test
Science/TechNodes/Names/tNode_0v_electronics,Text,,Probes,Sondes,Sonde,Sonden,Sondas,探査機,위성,Sondy,Зонды,探测器,Sondas,探測器,Tech Node Name,Ready to Test
Science/TechNodes/Names/tNode_0v_fuelLines,Text,,Fuel Lines,Conduites d'ergol,Condutture carburante,Treibstoffleitungen,Conductos de combustible,燃料配管,연료 라인,Przewody paliwowe,Топливопроводы,燃料管线,Linhas de Combustível,燃料管,Tech Node Name,Ready to Test
Science/TechNodes/Names/tNode_0v_rcs,Text,,Reaction Control System,Système de contrôle par réaction,Sistema controllo reazione,"Reaktions-
 
 führungssystem",Sistema de control de reacción,姿勢制御システム,반동추진 자세제어 시스템,System manewrowy,Система управления реакцией,反应控制系统,Sistema de controle de reação,反應控制系統,Tech Node Name,Ready to Test
Science/TechNodes/Names/tNode_0v_rockets_01,Text,,Tiny Engines,Mini propulseurs,Motori minuscoli,Winzige Triebwerke,Motores diminutos,極小エンジン,초소형 엔진,Maleńkie silniki,Крошечные двигатели,袖珍引擎,Motores Pequeninos,微型引擎,Tech Node Name,Ready to Test
Science/TechNodes/Names/tNode_0v_rockets_02,Text,,Precision Propulsion,Propulsion de précision,Propulsione di precisione,Präzisionsantriebe,Propulsión de precisión,精密推進システム,정밀 추진,Napęd precyzyjny,Высокоточные двигатели,精确推进,Propulsão de Precisão,精確推進,Tech Node Name,Ready to Test
Science/TechNodes/Names/tNode_0v_science_01,Text,,Research Miniaturization,Recherches en miniaturisation,Miniaturizzazione di ricerca,"Forschungs-
 
 miniaturisierung",Miniaturización de la investigación,小型化技術研究,연구 소형화,Miniaturyzacja eksperymentalna,Исследования миниатюризации,微型化研究,Miniaturização,研究微型化,Tech Node Name,Ready to Test
Science/TechNodes/Names/tNode_0v_science_02,Text,,Radiation Science,Science des radiations,Scienza radioattiva,Strahlungsforschung,Ciencia de radiación,放射線科学,방사선 과학,Promieniowaniologia,Исследования радиации,辐射科学,Ciência da Radiação,輻射科學,Tech Node Name,Ready to Test
Science/TechNodes/Names/tNode_0v_struts,Text,,Struts,Vérins,Puntoni,Streben,Riostras,ストラット,스트럿,Rozpory,Стойки,支柱,Estruturas,支架,Tech Node Name,Ready to Test
Science/TechNodes/Names/tNode_0v_trusses,Text,,Micro-Construction,Microconstruction,Microcostruzioni,Mikro-Konstruktionen,Microconstrucción,ミクロ建造技術,마이크로 건설,Mikrobudowa,Микро-конструкции,微型建造,Microconstrução,微型建造,Tech Node Name,Ready to Test
Science/TechNodes/Names/tNode_0v_utility,Text,,Lights & Utilities,Lumières et services,Luci e utilità,Licht & Betriebsmittel,Luces y herramientas,ライトとユーティリティ,조명 및 유틸리티,Światła i takie tam,Освещение и жизнеобеспечение,照明与水电,Luzes e Utilidades,照明與工具,Tech Node Name,Ready to Test
Science/TechNodes/Names/tNode_1v_aero_01,Text,,Aerodynamics & Stability,Aérodynamique et stabilité,Aerodinamica e stabilità,Aerodynamik & Stabilität,Aerodinámica y estabilidad,エアロダイナミクスとスタビリティ,공기역학 및 안정성,Aerodynamika i stabilność,Аэродинамика и устойчивость,空气动力学与稳定性,Aerodinâmica e Estabilidade,空氣動力學與穩定性,Tech Node Name,Ready to Test
Science/TechNodes/Names/tNode_1v_aero_02,Text,,Light Aviation,Aviation légère,Aviazione leggera,Einfache Luftfahrt,Aviación ligera,軽飛行機,경량 비행,Oświetlenie lotnicze,Легкая авиация,轻型航空学,Aviação Leve,輕型航空,Tech Node Name,Ready to Test
Science/TechNodes/Names/tNode_1v_aero_03,Text,,Precision Aerody namics,Aérodynamique de précision,Aerodinamica di precisione,"Präzision-
 
 saerodynamik",Aerodinámica de precisión,精密エアロダイナミクス,정밀 공기역학,Aerodynamika precyzyjna,Высокоточная аэродинамика,精准空气动力学,Aerodinâmica de Precisão,精密空氣動力學,Tech Node Name,Ready to Test
Science/TechNodes/Names/tNode_1v_construction_01,Text,,Introductory Construction,Construction basique,Costruzione introduttiva,Bauen für Einsteiger,Construcción introductoria,ロケット建造入門,기초 건설,Konstrukcje podstawowe,Предварительное строительство,初级建造,Construção Introdutória,建造入門,Tech Node Name,Ready to Test
Science/TechNodes/Names/tNode_1v_decouplers_01,Text,,Specialized Decoupling,Découplage spécialisé,Disaccoppiamento specializzato,Spezialisierte Entkoppler,Desacoplamiento especializado,特殊デカップリング,특수 디커플링,Specjalistyczne rozłączanie,Специализированные отделители,专业分离,Desacoplamento Especializado,專業解耦,Tech Node Name,Ready to Test
Science/TechNodes/Names/tNode_1v_docking_01,Text,,Basic Docking,Amarrage basique,Attracco basico,Einfache Andockmodule,Acoplamiento básico,ドッキングの基本,기본 도킹,Dokowanie podstawowe,Стандартная стыковка,基础对接,Ancoragem Básica,基本對接,Tech Node Name,Ready to Test
Science/TechNodes/Names/tNode_1v_electronics_01,Text,,Power Management,Gestion d'énergie,Gestione energia,Energie-Management,Gestión de la energía,電力管理,전력 관리,Zarządzanie energią,Управление энергопотреблением,能源管理,Gerenciamento de Energia,動力管理,Tech Node Name,Ready to Test
Science/TechNodes/Names/tNode_1v_electronics_02,Text,,Long-Range Probes,Sondes longue portée,Sonde ad ampio raggio,Langreichweiten-Sonden,Sondas de largo alcance,長距離探査機,장거리 위성,Sondy dalekiego zasięgu,Зонды дальнего радиуса действия,远程探测器,Sondas de Longa Distância,遠距探測器,Tech Node Name,Ready to Test
Science/TechNodes/Names/tNode_1v_electronics_03,Text,,Enhanced Electronics,Électronique avancée,Elettronica migliorata,Verbesserte Elektronik,Electrónica mejorada,強化エレクトロニクス,고급 전자기기,Elektronika zaawansowana,Улучшенная электроника,改良电子学,Eletrônica Aprimorada,增強型電子設備,Tech Node Name,Ready to Test
Science/TechNodes/Names/tNode_1v_electronics_04,Text,,Durable Power Systems,Systèmes d'énergie durable,Alimentazione durevole,"Haltbare Energie-
 
 versorgungssysteme",Sistemas de propulsión duraderos,高耐久性電源システム,개선된 전력 시스템,Wytrzymałe zasilanie,Прочные энергосистемы,持久电力系统,Sistemas de Energia Duráveis,堅固耐用動力系統,Tech Node Name,Ready to Test
Science/TechNodes/Names/tNode_1v_monoprop,Text,,Monopropellant Drive,Moteur à monergol,Alimentazione a monopropellente,Monotreibstoff-Antrieb,Propulsor de monopropelente,一液式推進剤駆動,단일추진제 드라이브,Silnik na monergol,Монотопливный двигатель,单组元推进剂驱动,Tração a Monopropelente,單元推進劑驅動器,Tech Node Name,Ready to Test
Science/TechNodes/Names/tNode_1v_payload,Text,,Small Payloads,Petites charges,Piccoli carichi,Kleine Nutzlast,Cargas útiles pequeñas,小型ペイロード,소형 페이로드,Małe ładownie,Маленькие грузовые модули,小型载荷,Cargas Pequenas,小型酬載,Tech Node Name,Ready to Test
Science/TechNodes/Names/tNode_1v_rockets_01,Text,,Light Launchers,Lanceurs légers,Vettori leggeri,Leichte Starttriebwerke,Lanzadores ligeros,軽量ランチャー,경량 발사체,Lekkie startery,Легкие носители,轻型发射器,Lançadores Leves,輕型發射器,Tech Node Name,Ready to Test
Science/TechNodes/Names/tNode_1v_rockets_02,Text,,Solid Fuel Boosters,Propulseurs à ergol solide,Booster a carburante solido,Festtreibstoff-Booster,Aceleradores de combustible sólido,固体燃料ブースター,고체로켓부스터,Silniki pomocnicze na paliwo stałe,Твердотопливные ускорители,固体燃料助推器,Boosters de Combustível Sólido,固態燃料助推器,Tech Node Name,Ready to Test
Science/TechNodes/Names/tNode_1v_rockets_03,Text,,Orbital Rocketry,Fuséologie orbitale,Missilistica orbitale,Orbital-Raketentechnik,Ingeniería orbital,軌道ロケット技術,궤도 로켓 공학,Orbitalna technika rakietowa,Орбитальные ракеты,轨道火箭学,Foguetes Orbitais,軌道火箭,Tech Node Name,Ready to Test
Science/TechNodes/Names/tNode_1v_rockets_04,Text,,Mun Landing,Amunissage,Atterraggio su Mun,Mun-Landung,Aterrizaje en la Muna,ムンへの着陸,문 착륙,Lądowanie na Munie,Посадка на Муну,Mun着陆,Pouso em Mun,登陸穆恩星,Tech Node Name,Ready to Test
Science/TechNodes/Names/tNode_1v_rover,Text,,Rovers,Rovers,Rover,Rover,Róveres,ローバー,로버,Łaziki,Вездеходы,探测车,Rovers,探測車,Tech Node Name,Ready to Test
Science/TechNodes/Names/tNode_1v_science_01,Text,,Environmental Science,Science environnementale,Scienza ambientale,Umweltwissenschaft,Ciencia medioambiental,環境科学,환경 과학,Nauka o środowisku,Наука об окружающей среде,环境科学,Ciência Ambiental,環境科學,Tech Node Name,Ready to Test
Science/TechNodes/Names/tNode_1v_science_02,Text,,Orbital Report,Rapport orbital,Rapporto orbitale,Orbitalbericht,Informe orbital,軌道レポート,궤도 보고서,Raport orbitalny,Отчет об орбитальных исследованиях,轨道报告,Relatório Orbital,軌道報告,Tech Node Name,Ready to Test
Science/TechNodes/Names/tNode_1v_start,Text,,Starting Rocketry,Fuséologie basique,Missilistica base,Raketentechnik für Einsteiger,Ingeniería inicial,初歩ロケット工学,기본 로켓 공학,Startowa technika rakietowa,Базовое ракетостроение,初级火箭学,Introdução aos Foguetes,開始火箭飛行,Tech Node Name,Ready to Test
Science/TechNodes/Names/tNode_1v_trusses,Text,,Basic Trusses,Structures de maintien basiques,Travature base,Einfache Traversen,Armazones básicos,トラスの基本,기본 트러스,Kratownice podstawowe,Простые фермы,基础桁架,Treliças Básicas,基本桁架,Tech Node Name,Ready to Test
Science/TechNodes/Names/tNode_1v_utility_01,Text,,Survivability,Survie,Sopravvivenza,Überleben,Capacidad de supervivencia,サバイバビリティ,생존성,Przeżywalność,Живучесть,生存能力,Capacidade de Sobrevivência,生存能力,Tech Node Name,Ready to Test
Science/TechNodes/Names/tNode_1v_utility_02,Text,,Landing Utilities,Utilitaires d'atterrissage,Dispositivi di atterraggio,Landetechnik,Herramientas de aterrizaje,着陸ユーティリティ,착륙 유틸리티,Różności do lądowania,Техника для посадки,着陆装置,Utilidades de Pouso,降落工具,Tech Node Name,Ready to Test
Science/TechNodes/Names/tNode_1v_xenon,Text,,Xenon Propulsion,Propulsion au xénon,Propulsione a xeno,Xenon-Antrieb,Propulsión xenón,キセノン推進技術,제논 추진,Napęd ksenonowy,Двигатели на ксеноне,氙气推进,Propulsão a Xenônio,氙氣推進,Tech Node Name,Ready to Test
Science/TechNodes/Names/tNode_2v_aero_01,Text,,Mk2 Jets,Jets Mk2,Jet Mk2,Mk2 Jets,Reactores Mk2,Mk2ジェット,Mk2 제트,Odrzutowce drugiej generacji,Реактивные самолеты Mk2,Mk2喷气式飞机,Jatos Mk2,Mk2噴射機,Tech Node Name,Ready to Test
Science/TechNodes/Names/tNode_2v_aero_02,Text,,High-Altitude Aviation,Aviation de haute altitude,Aviazione ad alta quota,Luftfahrt in großen Höhen,Aviación a gran altitud,高高度航空工学,고고도 비행,Lotnictwo wysokościowe,Суперавиация,高海拔航空学,Aviação de Grande Altitude,高空航空,Tech Node Name,Ready to Test
Science/TechNodes/Names/tNode_2v_aero_03,Text,,Aviation Utility,Utilitaires d'aviation,Utilità aviazione,Luftfahrt-Hilfsmittel,Herramientas de aviación,航空工学ユーティリティ,비행 유틸리티,Różności lotnicze,Авиационная техника,航空应用学,Utilidades de Aviação,航空實用工具,Tech Node Name,Ready to Test
Science/TechNodes/Names/tNode_2v_construction_01,Text,,Expanded Construction,Construction et expansion,Costruzione ampliata,Erweiterte Konstruktion,Construcción ampliada,拡張建造技術,확장된 건설,Konstrukcje zaawansowane,Расширенная сборка,拓展建筑学,Construção Expandida,擴充建造,Tech Node Name,Ready to Test
Science/TechNodes/Names/tNode_2v_construction_02,Text,,Precision Machining,Machinerie de précision,Lavorazione di precisione,Präzisionszerspanung,Mecanizado de precisión,精密機械加工,정밀 가공,Frezowanie precyzyjne,Высокоточные машины,精密加工,Usinagem de Precisão,精密加工,Tech Node Name,Ready to Test
Science/TechNodes/Names/tNode_2v_decouplers_01,Text,,Enhanced Coupling,Couplage avancé,Disaccoppiamento migliorato,Verbesserte Kopplung,Desacoplamiento mejorado,強化連結装置,고급 커플링,Łączniki zaawansowane,Улучшенное соединение,强化对接,Acoplamento Aprimorado,增強耦合器,Tech Node Name,Ready to Test
Science/TechNodes/Names/tNode_2v_docking,Text,,Tiny & Large Docking,Amarrage petit et grand,Attracco minuscolo e grande,Winzige & große Andockmodule,Acoplamiento diminuto y grande,微小・大型ドッキング装置,초소형 및 대형 도킹,Małe i duże dokowanie,Крошечные и большие стыковочные узлы,微型与大型对接,Ancoragem Pequena e Grande,小型與大型對接,Tech Node Name,Ready to Test
Science/TechNodes/Names/tNode_2v_electronics_01,Text,,Enlarged Power Systems,Systèmes d'énergie agrandis,Alimentazione allargata,"Vergrößerte Energie-
 
 versorgungssysteme",Sistemas de propulsión ampliados,拡張電力システム,확장된 전력 시스템,Powiększone systemy zasilania,Увеличенные энергосистемы,扩展电力系统,Sistemas de Energia Alargados,加大動力系統,Tech Node Name,Ready to Test
Science/TechNodes/Names/tNode_2v_electronics_02,Text,,Long-Range Generation,Génération longue portée,Generazione a lungo raggio,Langreichweiten-Generierung,Generación de largo alcance,長期発電,장거리 발전,Generacja dalekiego zasięgu,Генерация дальнего радиуса действия,远程发电,Geração de Longa Distância,遠距發電,Tech Node Name,Ready to Test
Science/TechNodes/Names/tNode_2v_hydrogen,Text,,Nuclear Propulsion,Propulsion nucléaire,Propulsione nucleare,Nuklearantrieb,Propulsión nuclear,原子力推進技術,핵 추진,Napęd atomowy,Ядерные двигатели,核动力推进,Propulsão Nuclear,核動力推進,Tech Node Name,Ready to Test
Science/TechNodes/Names/tNode_2v_payload,Text,,Medium Payloads,Charges moyennes,Carichi medi,Mittlere Nutzlast,Cargas útiles medianas,中型ペイロード,중형 페이로드,Średnie ładownie,Средние грузовые модули,中等载荷,Cargas Médias,中型酬載,Tech Node Name,Ready to Test
Science/TechNodes/Names/tNode_2v_rockets_01,Text,,Power Launchers,Lanceurs puissants,Vettori potenti,"Leistungs-
 
 starttriebwerke",Lanzadores de energía,パワーランチャー,고추력 발사체,Startery dużej mocy,Мощные носители,动力发射器,Lançadores de Energia,動力發射器,Tech Node Name,Ready to Test
Science/TechNodes/Names/tNode_2v_rockets_02,Text,,Medium Orbital Rockets,Fusées orbitales moyennes,Razzi orbitali medi,Mittlere Orbitalraketen,Cohetes orbitales medianos,中型軌道ロケット,중형 궤도 로켓,Średnie rakiety orbitalne,Средние орбитальные ракеты,中型轨道火箭,Foguetes Orbitais Médios,中型軌道火箭,Tech Node Name,Ready to Test
Science/TechNodes/Names/tNode_2v_rockets_03,Text,,Medium Launchers,Lanceurs moyens,Vettori medi,Mittlere Starttriebwerke,Lanzadores medianos,中型ランチャー,중형 발사체,Startery średniej mocy,Средние носители,中型发射器,Lançadores Médios,中型發射器,Tech Node Name,Ready to Test
Science/TechNodes/Names/tNode_2v_rockets_04,Text,,Modular Launchers,Lanceurs modulaires,Vettori modulari,Modulare Starttriebwerke,Lanzadores modulares,モジュール式ランチャー,모듈형 발사체,Startery modułowe,Модульные носители,模块化发射器,Lançadores Modulares,模組化發射器,Tech Node Name,Ready to Test
Science/TechNodes/Names/tNode_2v_rover,Text,,Autonomous Sampling,Échantillonnage autonome,Raccolta autonoma,Autonome Probenentnahme,Muestreo autónomo,自律型サンプル採取法,자율 샘플링,Autonomiczne naukowanie,Автономный сбор образцов,自主采样,Amostra Autônoma,自主採樣,Tech Node Name,Ready to Test
Science/TechNodes/Names/tNode_2v_science_01,Text,,Atmospheric Science,Science atmosphérique,Scienza atmosferica,"Atmosphären-
 
 forschung",Ciencia atmosférica,大気科学,대기 과학,Atmosferologia,Исследования атмосферы,大气科学,Ciência Atmosférica,大氣科學,Tech Node Name,Ready to Test
Science/TechNodes/Names/tNode_2v_science_02,Text,,Aquatic Sciences,Science aquatique,Scienze marine,Aquatische Forschung,Ciencias acuáticas,水圏科学,수중 과학,Wodologia,Исследования океанов,水生科学,Ciência Aquática,水生科學,Tech Node Name,Ready to Test
Science/TechNodes/Names/tNode_2v_science_03,Text,,Orbital Science,Science orbitale,Scienza orbitale,Orbitalforschung,Ciencia orbital,軌道科学,궤도 과학,Orbitologia,Орбитальные исследования,轨道科学,Ciência Orbital,軌道科學,Tech Node Name,Ready to Test
Science/TechNodes/Names/tNode_2v_trusses_01,Text,,Medium Trusses,Structures de maintien moyennes,Travature medie,Mittlere Traversen,Armazones medianos,中型トラス,중형 트러스,Średnie kratownice,Средние фермы,中型桁架,Treliças Médias,中型桁架,Tech Node Name,Ready to Test
Science/TechNodes/Names/tNode_2v_trusses_02,Text,,Medium Truss Adapters,Adaptateurs de structures moyennes,Adattatori travatura medi,Mittlere-Traversen-Adapter,Adaptadores de armazones medianos,中型トラス変換アダプター,중형 트러스 어댑터,Średnie przejściówki kratownicowe,Адаптеры средних ферм,中型桁架转接器,Adaptadores de Treliça Média,中型桁架適配器,Tech Node Name,Ready to Test
Science/TechNodes/Names/tNode_2v_utility,Text,,Heavy Landings,Atterrissage lourd,Atterraggi pesanti,Schweres Landfahrwerk,Aterrizajes pesados,大型着陸技術,대형 착륙,Ciężkie podwozia,Посадка тяжелой техники,重型着陆,Pousos Pesados,重型降落,Tech Node Name,Ready to Test
Science/TechNodes/Names/tNode_3v_aero_01,Text,,Large Aerodynamics,Grande aérodynamique,Aerodinamica grande,Große Aerodynamik-Bauteile,Aerodinámica grande,大型エアロダイナミクス,대형 공기역학,Duża aerodynamika,Аэродинамика большой техники,大型空气动力学,Aerodinâmica Grande,大型飛行器空氣動力學,Tech Node Name,Ready to Test
Science/TechNodes/Names/tNode_3v_aero_02,Text,,Jumbo Jets,Jumbo jets,Jumbo jet,Jumbojets,Reactores enormes,ジャンボジェット機,점보 제트,Jumbo jety,Реактивные авиалайнеры,大型喷气式飞机,Jatos Jumbos,巨型噴射機,Tech Node Name,Ready to Test
Science/TechNodes/Names/tNode_3v_aero_03,Text,,Airliners,Avions de ligne,Aerei di linea,Verkehrsflugzeuge,Aviones de pasajeros,旅客機,에어라이너,Samoloty luksusowe,Пассажирские самолеты,大型客机,Aviões Comerciais,客機,Tech Node Name,Ready to Test
Science/TechNodes/Names/tNode_3v_aero_04,Text,,Spaceplanes,Avions spatiaux,Spazioplani,Raumschiffe,Aviones espaciales,スペースプレーン,우주선,Samoloty kosmiczne,Космопланы,航天器,Aviões Espaciais,太空飛機,Tech Node Name,Ready to Test
Science/TechNodes/Names/tNode_3v_aero_05,Text,,Mk3 Fuel Systems,Systèmes d'alimentation Mk3,Sistemi di alimentazione Mk3,Mk3 Treibstoffsysteme,Sistemas de combustible Mk3,Mk3燃料システム,Mk3 연료 시스템,Systemy paliwowe 3. generacji,Топливные системы Mk3,Mk3燃料系统,Sistemas de Combustível Mk3,Mk3燃料系統,Tech Node Name,Ready to Test
Science/TechNodes/Names/tNode_3v_construction_01,Text,,Heavy Construction,Construction lourde,Costruzione pesante,Schwere Konstruktionen,Construcción pesada,重量建造技術,대형 건설,Ciężkie konstrukcje,Сборка тяжелых объектов,重型建筑学,Construção Pesada,重型建造,Tech Node Name,Ready to Test
Science/TechNodes/Names/tNode_3v_decouplers_01,Text,,Large Coupling,Grand couplage,Accoppiamenti grandi,Große Kopplungen,Desacoplamiento grande,大型連結装置,대형 커플링,Wielkie łączniki,Соединение больших объектов,大型连接,Acoplamento Grande,大型耦合器,Tech Node Name,Ready to Test
Science/TechNodes/Names/tNode_3v_docking_01,Text,,Specialized Docking,Amarrage spécialisé,Accoppiamento specializzato,Spezialisierte Andockmodule,Acoplamiento especializado,特殊ドッキング装置,특수 도킹,Specjalistyczne dokowanie,Специализированная стыковка,专用对接,Ancoragem Especializada,專用對接,Tech Node Name,Ready to Test
Science/TechNodes/Names/tNode_3v_electronics_01,Text,,Deep-Space Probes,Sondes en espace profond,Sonde per lo spazio profondo,Tiefenraum-Sonden,Sondas de espacio profundo,深宇宙探査機,심우주 위성,Sondy międzygwiezdne,Зонды глубокого космоса,深空探测器,Sondas de Espaço Profundo,外太空探測器,Tech Node Name,Ready to Test
Science/TechNodes/Names/tNode_3v_electronics_02,Text,,Nuclear Power,Énergie nucléaire,Alimentazione nucleare,Atomenergie,Potencia nuclear,原子力,핵 출력,Energetyka jądrowa,Ядерные реакторы,核动力,Energia Nuclear,核能,Tech Node Name,Ready to Test
Science/TechNodes/Names/tNode_3v_hydrogen_01,Text,,Heavy Nuclear Propulsion,Propulsion nucléaire lourde,Propulsione nucleare pesante,Schwere Nuklearantriebe,Propulsión nuclear pesada,重原子力推進技術,대형 핵 추진,Ciężki napęd atomowy,Тяжелые ядерные двигатели,重型核动力推进,Propulsão Nuclear Pesada,重型核動力推進,Tech Node Name,Ready to Test
Science/TechNodes/Names/tNode_3v_payload_01,Text,,Large Payloads,Grandes charges utiles,Carichi grandi,Große Nutzlast,Cargas útiles grandes,大型ペイロード,대형 페이로드,Wielkie ładownie,Большие грузовые модули,大型载荷,Cargas Grandes,大型酬載,Tech Node Name,Ready to Test
Science/TechNodes/Names/tNode_3v_payload_02,Text,,Space Shuttles,Navettes spatiales,Space Shuttle,Weltraum-Shuttles,Transbordadores espaciales,スペースシャトル,우주 셔틀,Promy kosmiczne,Космические шаттлы,航天飞机,Aviões Espaciais,太空梭,Tech Node Name,Ready to Test
Science/TechNodes/Names/tNode_3v_rockets_01,Text,,Heavy Rocketry,Fuséologie lourde,Missilistica pesante,Technik für schwere Raketen,Ingeniería espacial pesada,大型ロケット工学,대형 로켓 부품,Ciężka technika rakietowa,Тяжелые ракеты,重型火箭学,Foguetes Pesados,重型火箭,Tech Node Name,Ready to Test
Science/TechNodes/Names/tNode_3v_rockets_02,Text,,Heavy Launchers,Lanceurs lourds,Vettori pesanti,Schwere Starttriebwerke,Lanzadores pesados,大型ランチャー,대형 발사체,Ciężkie startery,Тяжелые носители,重型发射器,Lançadores Pesados,重型發射器,Tech Node Name,Ready to Test
Science/TechNodes/Names/tNode_3v_rockets_03,Text,,Deep Space Methalox,Méthalox pour espace profond,Methalox per lo spazio profondo,Tiefenraum-Methalox,Metalox de espacio profundo,深宇宙メタロックス,심우주 메탈록스,Silniki próżniowe na metaloks,Металоксовые двигатели для глубокого космоса,深空甲氧基,Metalox de Espaço Profundo,外太空液氧甲烷,Tech Node Name,Ready to Test
Science/TechNodes/Names/tNode_3v_rockets_04,Text,,Heavy Orbital Operations,Opérations orbitales lourdes,Operazioni orbitali pesanti,Schwere Orbital-Operationen,Operaciones orbitales pesadas,高負荷軌道操作,대형 궤도 임무,Ciężkie działania orbitalne,Орбитальные операции с тяжелыми объектами,重型轨道运行,Operações Orbitais Pesadas,重型軌道作業,Tech Node Name,Ready to Test
Science/TechNodes/Names/tNode_3v_trusses_01,Text,,Heavy Trusses,Structures de maintien lourdes,Travature pesanti,Schwere Traversen,Armazones pesados,大型トラス,대형 트러스,Ciężkie kratownice,Тяжелые фермы,重型桁架,Treliças Pesadas,重型桁架,Tech Node Name,Ready to Test
Science/TechNodes/Names/tNode_4v_construction_01,Text,,XL Construction,Construction XL,Costruzione XL,XL-Konstruktionen,Construcción XL,XL建造技術,XL 건설,Konstrukcje XL,Сборка очень больших объектов,特大建筑,Construção XL,XL建造,Tech Node Name,Ready to Test
Science/TechNodes/Names/tNode_4v_decouplers_01,Text,,XL Coupling,Couplage XL,Accoppiamento XL,XL-Kopplungen,Desacoplamiento XL,XL連結装置,XL 커플링,Łączniki XL,Соединение очень больших объектов,特大连接,Acoplamento XL,XL耦合器,Tech Node Name,Ready to Test
Science/TechNodes/Names/tNode_4v_docking_01,Text,,XL Docking,Amarrage XL,Attracco XL,XL-Andockmodule,Acoplamiento XL,XLドッキング装置,XL 도킹,Dokowanie XL,Стыковка очень больших объектов,特大对接,Ancoragem XL,XL對接,Tech Node Name,Ready to Test
Science/TechNodes/Names/tNode_4v_electronics_01,Text,,XL Electronics,Électronique XL,Elettronica XL,XL-Elektronik,Electrónica XL,XL電子機器,XL 전자기기,Elektronika XL,Очень большая электроника,特大电子学,Eletrônicos XL,XL電子設備,Tech Node Name,Ready to Test
Science/TechNodes/Names/tNode_4v_hydrogen_01,Text,,XL Hydrogen Tanks,Réservoirs à hydrogène XL,Serbatoi di idrogeno XL,XL-Wasserstofftanks,Depósitos de hidrógeno XL,XL水素タンク,XL 수소 탱크,Zbiorniki wodoru XL,Очень большие топливные баки для водорода,特大氢气罐,Tanques de Hidrogênio XL,XL氫氣儲存罐,Tech Node Name,Ready to Test
Science/TechNodes/Names/tNode_4v_monoprop_01,Text,,Oversized Monopropellant Fuel,Réservoir à monergol surdimensionné,Serbatoio monopropellente sovradimensionato,Übergroße Monotreibstofftanks,Depósito de combustible de monopropelente a gran escala,特大一液式推進剤燃料,초대형 단일추진제 연료,Przerośnięte zbiorniki monergolu,Большой бак для монотоплива,超大型单组元推进剂,Combustível Monopropelente Gigantesco,超大型單元推進劑燃料,Tech Node Name,Ready to Test
Science/TechNodes/Names/tNode_4v_payload_01,Text,,XL Payloads,Charges utiles XL,Carichi XL,XL-Nutzlast,Cargas útiles XL,XLペイロード,XL 페이로드,Ładownie XL,Очень большие грузовые модули,特大载荷,Cargas XL,XL酬載,Tech Node Name,Ready to Test
Science/TechNodes/Names/tNode_4v_rockets_01,Text,,XL Methalox Tanks,Réservoirs à méthalox XL,Serbatoi di methalox XL,XL-Methalox-Tanks,Depósitos de metalox XL,XLメタロックスタンク,XL 메탈록스 탱크,Zbiorniki metaloksu XL,Очень большие топливные баки для металокса,特大甲氧基罐,Tanques de Metalox XL,XL液氧甲烷儲存罐,Tech Node Name,Ready to Test
Science/TechNodes/Names/tNode_4v_rover_01,Text,,Space Truckin',Rovers spatiaux,Strade spaziali,Weltraum-Fuhrwesen,Camiones espaciales,宇宙輸送,우주 화물 수송,Kosmiczne kampery,Космические грузоперевозки,太空运输,Caminhão Espacial,太空貨運,Tech Node Name,Ready to Test
Science/TechNodes/Names/tNode_4v_trusses_01,Text,,XL Trusses,Structures de maintien XL,Travature XL,XL-Traversen,Armazones XL,XLトラス,XL 트러스,Kratownice XL,Очень большие фермы,特大型桁架,Treliças XL,XL支架,Tech Node Name,Ready to Test
Science/TechNodes/Names/tNode_4v_trusses_02,Text,,XL Truss Adapters,Adaptateurs de structures XL,Adattatori travatura XL,XL-Traversen-Adapter,Adaptadores de armazones XL,XLトラス変換アダプター,XL 트러스 어댑터,Przejściówki kratownicowe XL,Очень большие адаптеры ферм,特大型桁架转接器,Adaptadores de Treliça XL,XL桁架適配器,Tech Node Name,Ready to Test
Science/TechNodes/Names/tNode_4v_utility_01,Text,,Oversized Landing,Atterrissage surdimensionné,Atterraggio sovradimensionato,Übergroße Landetechnik,Aterrizaje a gran escala,特大着陸装置,초대형 착륙,Przerośnięte podwozia,Посадка больших объектов,特大着陆,Pouso Superdimensionado,超大型降落,Tech Node Name,Ready to Test

